year,epiWeek,date,adminName,cases_suspected,cases_confirmed,deaths,source,disease,notes
2021,50,13/12/2021,Edo,93,2,,NCDC_Situation_Report,Lassa fever,
2021,50,13/12/2021,Ondo,37,4,,NCDC_Situation_Report,Lassa fever,
2021,50,13/12/2021,Bauchi,10,3,,NCDC_Situation_Report,Lassa fever,
2021,50,13/12/2021,Ebonyi,6,1,,NCDC_Situation_Report,Lassa fever,
2021,50,13/12/2021,Kaduna,1,0,,NCDC_Situation_Report,Lassa fever,
2021,50,13/12/2021,Nasarawa,10,0,,NCDC_Situation_Report,Lassa fever,
2021,50,13/12/2021,FCT,28,0,,NCDC_Situation_Report,Lassa fever,
2021,50,13/12/2021,Imo,1,0,,NCDC_Situation_Report,Lassa fever,
2021,50,13/12/2021,Anambra,1,0,,NCDC_Situation_Report,Lassa fever,
2021,50,13/12/2021,Delta,1,0,,NCDC_Situation_Report,Lassa fever,
2021,50,13/12/2021,Plateau,1,0,,NCDC_Situation_Report,Lassa fever,
2021,50,13/12/2021,Lagos,1,0,,NCDC_Situation_Report,Lassa fever,
2021,51,20/12/2021,Edo,71,6,1,NCDC_Situation_Report,Lassa fever,
2021,51,20/12/2021,Ondo,32,4,,NCDC_Situation_Report,Lassa fever,
2021,51,20/12/2021,Bauchi,39,18,2,NCDC_Situation_Report,Lassa fever,
2021,51,20/12/2021,Ebonyi,5,0,,NCDC_Situation_Report,Lassa fever,
2021,51,20/12/2021,Plateau,7,1,,NCDC_Situation_Report,Lassa fever,
2021,51,20/12/2021,Kaduna,7,0,,NCDC_Situation_Report,Lassa fever,
2021,51,20/12/2021,Nasarawa,4,0,,NCDC_Situation_Report,Lassa fever,
2021,51,20/12/2021,FCT,5,0,,NCDC_Situation_Report,Lassa fever,
2021,51,20/12/2021,Anambra,3,0,,NCDC_Situation_Report,Lassa fever,
2021,51,20/12/2021,Delta,2,0,,NCDC_Situation_Report,Lassa fever,
2021,51,20/12/2021,Abia,3,0,,NCDC_Situation_Report,Lassa fever,
2021,51,20/12/2021,Sokoto,1,0,,NCDC_Situation_Report,Lassa fever,
2021,51,20/12/2021,Rivers,1,0,,NCDC_Situation_Report,Lassa fever,
2021,51,20/12/2021,Jigawa,1,0,,NCDC_Situation_Report,Lassa fever,
2021,51,20/12/2021,Lagos,1,0,,NCDC_Situation_Report,Lassa fever,
2021,51,20/12/2021,Kano,11,0,,NCDC_Situation_Report,Lassa fever,
2021,52,27/12/2021,Edo,74,9,,NCDC_Situation_Report,Lassa fever,
2021,52,27/12/2021,Ondo,52,12,2,NCDC_Situation_Report,Lassa fever,
2021,52,27/12/2021,Bauchi,20,4,1,NCDC_Situation_Report,Lassa fever,
2021,52,27/12/2021,Taraba,1,1,,NCDC_Situation_Report,Lassa fever,
2021,52,27/12/2021,Plateau,1,0,,NCDC_Situation_Report,Lassa fever,
2021,52,27/12/2021,Benue,3,0,,NCDC_Situation_Report,Lassa fever,
2021,52,27/12/2021,Kaduna,2,1,,NCDC_Situation_Report,Lassa fever,
2021,52,27/12/2021,Nasarawa,12,0,,NCDC_Situation_Report,Lassa fever,
2021,52,27/12/2021,Kogi,1,0,,NCDC_Situation_Report,Lassa fever,
2021,52,27/12/2021,FCT,4,1,,NCDC_Situation_Report,Lassa fever,
2021,52,27/12/2021,Jigawa,1,0,,NCDC_Situation_Report,Lassa fever,
2021,52,27/12/2021,Borno,2,0,,NCDC_Situation_Report,Lassa fever,
2022,1,03/01/2022,Bauchi,51,14,,NCDC_Situation_Report,Lassa fever,
2022,1,03/01/2022,Edo,76,13,,NCDC_Situation_Report,Lassa fever,
2022,1,03/01/2022,Ondo,46,11,,NCDC_Situation_Report,Lassa fever,
2022,1,03/01/2022,Benue,3,3,,NCDC_Situation_Report,Lassa fever,
2022,1,03/01/2022,Taraba,9,2,,NCDC_Situation_Report,Lassa fever,
2022,1,03/01/2022,Kaduna,11,1,,NCDC_Situation_Report,Lassa fever,
2022,1,03/01/2022,Plateau,6,1,,NCDC_Situation_Report,Lassa fever,
2022,1,03/01/2022,Kogi,3,1,,NCDC_Situation_Report,Lassa fever,
2022,1,03/01/2022,Cross River,1,1,,NCDC_Situation_Report,Lassa fever,
2022,1,03/01/2022,Ebonyi,4,1,,NCDC_Situation_Report,Lassa fever,
2022,1,03/01/2022,Gombe,2,0,,NCDC_Situation_Report,Lassa fever,
2022,1,03/01/2022,Katsina,1,0,,NCDC_Situation_Report,Lassa fever,
2022,1,03/01/2022,FCT,4,0,,NCDC_Situation_Report,Lassa fever,
2022,1,03/01/2022,Nasarawa,2,0,,NCDC_Situation_Report,Lassa fever,
2022,1,03/01/2022,Rivers,1,0,,NCDC_Situation_Report,Lassa fever,
2022,1,03/01/2022,Enugu,2,0,,NCDC_Situation_Report,Lassa fever,
2022,2,10/01/2022,Edo,101,17,3,NCDC_Situation_Report,Lassa fever,
2022,2,10/01/2022,Ondo,36,9,5,NCDC_Situation_Report,Lassa fever,
2022,2,10/01/2022,Bauchi,25,7,5,NCDC_Situation_Report,Lassa fever,
2022,2,10/01/2022,Benue,20,7,2,NCDC_Situation_Report,Lassa fever,
2022,2,10/01/2022,Oyo,10,2,2,NCDC_Situation_Report,Lassa fever,
2022,2,10/01/2022,Taraba,3,2,2,NCDC_Situation_Report,Lassa fever,
2022,2,10/01/2022,Ebonyi,7,1,1,NCDC_Situation_Report,Lassa fever,
2022,2,10/01/2022,Kogi,5,3,,NCDC_Situation_Report,Lassa fever,
2022,2,10/01/2022,Kaduna,3,0,1,NCDC_Situation_Report,Lassa fever,
2022,2,10/01/2022,Plateau,3,0,,NCDC_Situation_Report,Lassa fever,
2022,2,10/01/2022,Cross River,2,0,1,NCDC_Situation_Report,Lassa fever,
2022,2,10/01/2022,Jigawa,1,0,,NCDC_Situation_Report,Lassa fever,
2022,2,10/01/2022,Kebbi,1,0,,NCDC_Situation_Report,Lassa fever,
2022,2,10/01/2022,Ogun,1,0,,NCDC_Situation_Report,Lassa fever,
2022,2,10/01/2022,Kwara,1,0,,NCDC_Situation_Report,Lassa fever,
2022,2,10/01/2022,Lagos,4,0,,NCDC_Situation_Report,Lassa fever,
2022,2,10/01/2022,Delta,2,0,,NCDC_Situation_Report,Lassa fever,
2022,2,10/01/2022,Gombe,3,0,,NCDC_Situation_Report,Lassa fever,
2022,2,10/01/2022,FCT,4,0,,NCDC_Situation_Report,Lassa fever,
2022,2,10/01/2022,Nasarawa,8,0,,NCDC_Situation_Report,Lassa fever,
2022,2,10/01/2022,Enugu,2,0,,NCDC_Situation_Report,Lassa fever,
2022,3,17/01/2022,Edo,82,18,2,NCDC_Situation_Report,Lassa fever,
2022,3,17/01/2022,Ondo,55,28,6,NCDC_Situation_Report,Lassa fever,
2022,3,17/01/2022,Bauchi,84,18,1,NCDC_Situation_Report,Lassa fever,
2022,3,17/01/2022,Benue,27,1,,NCDC_Situation_Report,Lassa fever,
2022,3,17/01/2022,Oyo,5,3,,NCDC_Situation_Report,Lassa fever,
2022,3,17/01/2022,Taraba,3,1,,NCDC_Situation_Report,Lassa fever,
2022,3,17/01/2022,Ebonyi,5,3,1,NCDC_Situation_Report,Lassa fever,
2022,3,17/01/2022,Kaduna,5,1,1,NCDC_Situation_Report,Lassa fever,
2022,3,17/01/2022,Katsina,1,1,,NCDC_Situation_Report,Lassa fever,
2022,3,17/01/2022,Plateau,4,0,,NCDC_Situation_Report,Lassa fever,
2022,3,17/01/2022,Cross River,1,0,,NCDC_Situation_Report,Lassa fever,
2022,3,17/01/2022,Borno,2,0,,NCDC_Situation_Report,Lassa fever,
2022,3,17/01/2022,Anambra,2,0,,NCDC_Situation_Report,Lassa fever,
2022,3,17/01/2022,Bayelsa,1,0,,NCDC_Situation_Report,Lassa fever,
2022,3,17/01/2022,Ogun,2,0,,NCDC_Situation_Report,Lassa fever,
2022,3,17/01/2022,Kwara,1,0,,NCDC_Situation_Report,Lassa fever,
2022,3,17/01/2022,Lagos,5,0,,NCDC_Situation_Report,Lassa fever,
2022,3,17/01/2022,Gombe,2,0,,NCDC_Situation_Report,Lassa fever,
2022,3,17/01/2022,FCT,7,0,,NCDC_Situation_Report,Lassa fever,
2022,3,17/01/2022,Nasarawa,1,0,,NCDC_Situation_Report,Lassa fever,
2022,4,24/01/2022,Ondo,44,15,2,NCDC_Situation_Report,Lassa fever,
2022,4,24/01/2022,Edo,63,10,,NCDC_Situation_Report,Lassa fever,
2022,4,24/01/2022,Bauchi,89,14,,NCDC_Situation_Report,Lassa fever,
2022,4,24/01/2022,Benue,0,0,2,NCDC_Situation_Report,Lassa fever,
2022,4,24/01/2022,Oyo,10,0,,NCDC_Situation_Report,Lassa fever,
2022,4,24/01/2022,Ebonyi,7,0,,NCDC_Situation_Report,Lassa fever,
2022,4,24/01/2022,Enugu,5,2,,NCDC_Situation_Report,Lassa fever,
2022,4,24/01/2022,Delta,5,1,,NCDC_Situation_Report,Lassa fever,
2022,4,24/01/2022,Kwara,1,0,,NCDC_Situation_Report,Lassa fever,
2022,4,24/01/2022,Lagos,2,0,,NCDC_Situation_Report,Lassa fever,
2022,4,24/01/2022,Rivers,3,0,,NCDC_Situation_Report,Lassa fever,
2022,5,31/01/2022,Ondo,53,18,2,NCDC_Situation_Report,Lassa fever,
2022,5,31/01/2022,Edo,72,15,1,NCDC_Situation_Report,Lassa fever,
2022,5,31/01/2022,Bauchi,52,4,1,NCDC_Situation_Report,Lassa fever,
2022,5,31/01/2022,Benue,19,0,,NCDC_Situation_Report,Lassa fever,
2022,5,31/01/2022,Oyo,52,8,,NCDC_Situation_Report,Lassa fever,
2022,5,31/01/2022,Taraba,6,4,,NCDC_Situation_Report,Lassa fever,
2022,5,31/01/2022,Ebonyi,5,2,1,NCDC_Situation_Report,Lassa fever,
2022,5,31/01/2022,Enugu,16,4,,NCDC_Situation_Report,Lassa fever,
2022,5,31/01/2022,Kogi,2,0,,NCDC_Situation_Report,Lassa fever,
2022,5,31/01/2022,Nasarawa,7,2,,NCDC_Situation_Report,Lassa fever,
2022,5,31/01/2022,Plateau,1,0,,NCDC_Situation_Report,Lassa fever,
2022,5,31/01/2022,Delta,10,0,,NCDC_Situation_Report,Lassa fever,
2022,5,31/01/2022,Anambra,3,1,,NCDC_Situation_Report,Lassa fever,
2022,5,31/01/2022,Katsina,6,0,,NCDC_Situation_Report,Lassa fever,
2022,5,31/01/2022,Ekiti,1,0,,NCDC_Situation_Report,Lassa fever,
2022,5,31/01/2022,Abia,9,0,,NCDC_Situation_Report,Lassa fever,
2022,5,31/01/2022,Bayelsa,1,0,,NCDC_Situation_Report,Lassa fever,
2022,5,31/01/2022,Lagos,1,0,,NCDC_Situation_Report,Lassa fever,
2022,6,07/02/2022,Ondo,79,35,5,NCDC_Situation_Report,Lassa fever,
2022,6,07/02/2022,Edo,82,11,2,NCDC_Situation_Report,Lassa fever,
2022,6,07/02/2022,Bauchi,28,8,1,NCDC_Situation_Report,Lassa fever,
2022,6,07/02/2022,Benue,15,3,,NCDC_Situation_Report,Lassa fever,
2022,6,07/02/2022,Taraba,11,4,2,NCDC_Situation_Report,Lassa fever,
2022,6,07/02/2022,Ebonyi,24,6,,NCDC_Situation_Report,Lassa fever,
2022,6,07/02/2022,Enugu,12,4,,NCDC_Situation_Report,Lassa fever,
2022,6,07/02/2022,Kogi,3,2,,NCDC_Situation_Report,Lassa fever,
2022,6,07/02/2022,Nasarawa,7,2,,NCDC_Situation_Report,Lassa fever,
2022,6,07/02/2022,Plateau,1,0,,NCDC_Situation_Report,Lassa fever,
2022,6,07/02/2022,Delta,2,0,,NCDC_Situation_Report,Lassa fever,
2022,6,07/02/2022,Kaduna,1,0,,NCDC_Situation_Report,Lassa fever,
2022,6,07/02/2022,Adamawa,2,0,,NCDC_Situation_Report,Lassa fever,
2022,6,07/02/2022,Niger,1,1,,NCDC_Situation_Report,Lassa fever,
2022,6,07/02/2022,Amambra,2,0,,NCDC_Situation_Report,Lassa fever,
2022,6,07/02/2022,Katsina,2,0,,NCDC_Situation_Report,Lassa fever,
2022,6,07/02/2022,FCT,2,1,,NCDC_Situation_Report,Lassa fever,
2022,6,07/02/2022,Cross River,1,0,,NCDC_Situation_Report,Lassa fever,
2022,6,07/02/2022,Gombe,3,0,,NCDC_Situation_Report,Lassa fever,
2022,7,14/02/2022,Ondo,77,30,4,NCDC_Situation_Report,Lassa fever,
2022,7,14/02/2022,Edo,120,22,6,NCDC_Situation_Report,Lassa fever,
2022,7,14/02/2022,Bauchi,69,15,1,NCDC_Situation_Report,Lassa fever,
2022,7,14/02/2022,Benue,15,3,2,NCDC_Situation_Report,Lassa fever,
2022,7,14/02/2022,Taraba,7,3,3,NCDC_Situation_Report,Lassa fever,
2022,7,14/02/2022,Ebonyi,17,5,2,NCDC_Situation_Report,Lassa fever,
2022,7,14/02/2022,Enugu,12,3,,NCDC_Situation_Report,Lassa fever,
2022,7,14/02/2022,Kogi,8,5,1,NCDC_Situation_Report,Lassa fever,
2022,7,14/02/2022,Nasarawa,6,1,,NCDC_Situation_Report,Lassa fever,
2022,7,14/02/2022,Delta,2,1,,NCDC_Situation_Report,Lassa fever,
2022,7,14/02/2022,Gombe,3,3,2,NCDC_Situation_Report,Lassa fever,
2022,7,14/02/2022,Niger,1,0,,NCDC_Situation_Report,Lassa fever,
2022,7,14/02/2022,Anambra,2,0,,NCDC_Situation_Report,Lassa fever,
2022,7,14/02/2022,Kano,11,0,,NCDC_Situation_Report,Lassa fever,
2022,7,14/02/2022,FCT,1,0,,NCDC_Situation_Report,Lassa fever,
2022,7,14/02/2022,Yobe,2,0,,NCDC_Situation_Report,Lassa fever,
2022,7,14/02/2022,Imo,2,0,,NCDC_Situation_Report,Lassa fever,
2022,7,14/02/2022,Lagos,1,0,,NCDC_Situation_Report,Lassa fever,
2022,8,21/02/2022,Ondo,74,26,,NCDC_Situation_Report,Lassa fever,
2022,8,21/02/2022,Edo,110,35,,NCDC_Situation_Report,Lassa fever,
2022,8,21/02/2022,Bauchi,102,15,5,NCDC_Situation_Report,Lassa fever,
2022,8,21/02/2022,Benue,61,1,,NCDC_Situation_Report,Lassa fever,
2022,8,21/02/2022,Ebonyi,10,4,2,NCDC_Situation_Report,Lassa fever,
2022,8,21/02/2022,Taraba,6,3,,NCDC_Situation_Report,Lassa fever,
2022,8,21/02/2022,Kogi,6,5,2,NCDC_Situation_Report,Lassa fever,
2022,8,21/02/2022,Enugu,9,3,,NCDC_Situation_Report,Lassa fever,
2022,8,21/02/2022,Oyo,3,2,,NCDC_Situation_Report,Lassa fever,
2022,8,21/02/2022,Gombe,22,5,,NCDC_Situation_Report,Lassa fever,
2022,8,21/02/2022,Nasarawa,2,0,,NCDC_Situation_Report,Lassa fever,
2022,8,21/02/2022,Plateau,3,1,,NCDC_Situation_Report,Lassa fever,
2022,8,21/02/2022,Delta,11,0,,NCDC_Situation_Report,Lassa fever,
2022,8,21/02/2022,Kaduna,5,0,,NCDC_Situation_Report,Lassa fever,
2022,8,21/02/2022,FCT,2,1,,NCDC_Situation_Report,Lassa fever,
2022,8,21/02/2022,Adamawa,1,0,,NCDC_Situation_Report,Lassa fever,
2022,8,21/02/2022,Niger,2,0,,NCDC_Situation_Report,Lassa fever,
2022,8,21/02/2022,Katsina,2,0,,NCDC_Situation_Report,Lassa fever,
2022,8,21/02/2022,Cross River,1,0,,NCDC_Situation_Report,Lassa fever,
2022,8,21/02/2022,Sokoto,1,0,,NCDC_Situation_Report,Lassa fever,
2022,8,21/02/2022,Akwa Ibom,1,0,,NCDC_Situation_Report,Lassa fever,
2022,8,21/02/2022,Osun,3,0,,NCDC_Situation_Report,Lassa fever,
2022,8,21/02/2022,Ekiti,1,0,,NCDC_Situation_Report,Lassa fever,
2022,8,21/02/2022,Abia,1,0,,NCDC_Situation_Report,Lassa fever,
2022,8,21/02/2022,Ogun,1,0,,NCDC_Situation_Report,Lassa fever,
2022,8,21/02/2022,Lagos,1,0,,NCDC_Situation_Report,Lassa fever,
2022,9,28/02/2022,Ondo,45,9,3,NCDC_Situation_Report,Lassa fever,
2022,9,28/02/2022,Edo,102,14,3,NCDC_Situation_Report,Lassa fever,
2022,9,28/02/2022,Bauchi,24,0,,NCDC_Situation_Report,Lassa fever,
2022,9,28/02/2022,Benue,19,5,,NCDC_Situation_Report,Lassa fever,
2022,9,28/02/2022,Ebonyi,62,7,1,NCDC_Situation_Report,Lassa fever,
2022,9,28/02/2022,Kogi,19,7,,NCDC_Situation_Report,Lassa fever,
2022,9,28/02/2022,Taraba,4,1,,NCDC_Situation_Report,Lassa fever,
2022,9,28/02/2022,Oyo,8,4,3,NCDC_Situation_Report,Lassa fever,
2022,9,28/02/2022,Enugu,5,1,,NCDC_Situation_Report,Lassa fever,
2022,9,28/02/2022,Gombe,41,4,2,NCDC_Situation_Report,Lassa fever,
2022,9,28/02/2022,Nasarawa,9,2,,NCDC_Situation_Report,Lassa fever,
2022,9,28/02/2022,Delta,1,0,,NCDC_Situation_Report,Lassa fever,
2022,9,28/02/2022,Anambra,6,1,,NCDC_Situation_Report,Lassa fever,
2022,9,28/02/2022,FCT,4,0,,NCDC_Situation_Report,Lassa fever,
2022,9,28/02/2022,Cross River,2,1,,NCDC_Situation_Report,Lassa fever,
2022,9,28/02/2022,Adamawa,3,0,,NCDC_Situation_Report,Lassa fever,
2022,9,28/02/2022,Niger,1,0,,NCDC_Situation_Report,Lassa fever,
2022,9,28/02/2022,Kano,2,0,,NCDC_Situation_Report,Lassa fever,
2022,9,28/02/2022,Rivers,1,1,,NCDC_Situation_Report,Lassa fever,
2022,9,28/02/2022,Osun,1,0,,NCDC_Situation_Report,Lassa fever,
2022,9,28/02/2022,Yobe,24,0,,NCDC_Situation_Report,Lassa fever,
2022,9,28/02/2022,Jigawa,2,0,,NCDC_Situation_Report,Lassa fever,
2022,9,28/02/2022,Ogun,1,0,,NCDC_Situation_Report,Lassa fever,
2022,9,28/02/2022,Kwara,1,0,,NCDC_Situation_Report,Lassa fever,
2022,9,28/02/2022,Lagos,1,0,,NCDC_Situation_Report,Lassa fever,
2022,10,07/03/2022,Ondo,31,7,,NCDC_Situation_Report,Lassa fever,
2022,10,07/03/2022,Edo,114,11,,NCDC_Situation_Report,Lassa fever,
2022,10,07/03/2022,Bauchi,14,1,,NCDC_Situation_Report,Lassa fever,
2022,10,07/03/2022,Ebonyi,17,4,,NCDC_Situation_Report,Lassa fever,
2022,10,07/03/2022,Benue,2,0,,NCDC_Situation_Report,Lassa fever,
2022,10,07/03/2022,Kogi,14,2,,NCDC_Situation_Report,Lassa fever,
2022,10,07/03/2022,Taraba,3,1,,NCDC_Situation_Report,Lassa fever,
2022,10,07/03/2022,Enugu,8,0,,NCDC_Situation_Report,Lassa fever,
2022,10,07/03/2022,Gombe,17,3,,NCDC_Situation_Report,Lassa fever,
2022,10,07/03/2022,Nasarawa,7,1,,NCDC_Situation_Report,Lassa fever,
2022,10,07/03/2022,Plateau,2,0,,NCDC_Situation_Report,Lassa fever,
2022,10,07/03/2022,Delta,11,0,,NCDC_Situation_Report,Lassa fever,
2022,10,07/03/2022,Anambra,2,0,,NCDC_Situation_Report,Lassa fever,
2022,10,07/03/2022,FCT,5,0,,NCDC_Situation_Report,Lassa fever,
2022,10,07/03/2022,Niger,3,0,,NCDC_Situation_Report,Lassa fever,
2022,10,07/03/2022,Kebbi,2,1,,NCDC_Situation_Report,Lassa fever,
2022,10,07/03/2022,Akwa Ibom,1,0,,NCDC_Situation_Report,Lassa fever,
2022,10,07/03/2022,Imo,4,0,,NCDC_Situation_Report,Lassa fever,
2022,11,14/03/2022,Ondo,35,3,,NCDC_Situation_Report,Lassa fever,
2022,11,14/03/2022,Edo,86,4,1,NCDC_Situation_Report,Lassa fever,
2022,11,14/03/2022,Bauchi,9,3,,NCDC_Situation_Report,Lassa fever,
2022,11,14/03/2022,Ebonyi,9,2,3,NCDC_Situation_Report,Lassa fever,
2022,11,14/03/2022,Kogi,28,5,,NCDC_Situation_Report,Lassa fever,
2022,11,14/03/2022,Benue,2,0,,NCDC_Situation_Report,Lassa fever,
2022,11,14/03/2022,Taraba,9,5,2,NCDC_Situation_Report,Lassa fever,
2022,11,14/03/2022,Oyo,4,1,,NCDC_Situation_Report,Lassa fever,
2022,11,14/03/2022,Enugu,4,3,,NCDC_Situation_Report,Lassa fever,
2022,11,14/03/2022,Gombe,4,0,,NCDC_Situation_Report,Lassa fever,
2022,11,14/03/2022,Nasarawa,3,1,,NCDC_Situation_Report,Lassa fever,
2022,11,14/03/2022,Plateau,3,1,,NCDC_Situation_Report,Lassa fever,
2022,11,14/03/2022,Anambra,3,1,,NCDC_Situation_Report,Lassa fever,
2022,11,14/03/2022,Kaduna,8,0,,NCDC_Situation_Report,Lassa fever,
2022,11,14/03/2022,FCT,5,0,,NCDC_Situation_Report,Lassa fever,
2022,11,14/03/2022,Adamawa,1,0,,NCDC_Situation_Report,Lassa fever,
2022,11,14/03/2022,Kano,5,0,,NCDC_Situation_Report,Lassa fever,
2022,11,14/03/2022,Zamfara,1,0,,NCDC_Situation_Report,Lassa fever,
2022,11,14/03/2022,Imo,5,0,,NCDC_Situation_Report,Lassa fever,
2022,11,14/03/2022,Abia,3,0,,NCDC_Situation_Report,Lassa fever,
2022,11,14/03/2022,Borno,1,0,,NCDC_Situation_Report,Lassa fever,
2022,11,14/03/2022,Jigawa,1,0,,NCDC_Situation_Report,Lassa fever,
2022,11,14/03/2022,Ogun,2,0,,NCDC_Situation_Report,Lassa fever,
2022,11,14/03/2022,Kwara,2,0,,NCDC_Situation_Report,Lassa fever,
2022,12,21/03/2022,Ondo,41,3,,NCDC_Situation_Report,Lassa fever,
2022,12,21/03/2022,Edo,80,6,,NCDC_Situation_Report,Lassa fever,
2022,12,21/03/2022,Bauchi,33,4,,NCDC_Situation_Report,Lassa fever,
2022,12,21/03/2022,Kogi,8,5,,NCDC_Situation_Report,Lassa fever,
2022,12,21/03/2022,Ebonyi,13,2,,NCDC_Situation_Report,Lassa fever,
2022,12,21/03/2022,Benue,5,0,,NCDC_Situation_Report,Lassa fever,
2022,12,21/03/2022,Taraba,9,1,,NCDC_Situation_Report,Lassa fever,
2022,12,21/03/2022,Oyo,1,0,,NCDC_Situation_Report,Lassa fever,
2022,12,21/03/2022,Enugu,6,0,,NCDC_Situation_Report,Lassa fever,
2022,12,21/03/2022,Gombe,5,0,,NCDC_Situation_Report,Lassa fever,
2022,12,21/03/2022,Nasarawa,3,0,,NCDC_Situation_Report,Lassa fever,
2022,12,21/03/2022,Plateau,1,1,,NCDC_Situation_Report,Lassa fever,
2022,12,21/03/2022,Kaduna,3,0,,NCDC_Situation_Report,Lassa fever,
2022,12,21/03/2022,FCT,1,0,,NCDC_Situation_Report,Lassa fever,
2022,12,21/03/2022,Cross River,1,0,,NCDC_Situation_Report,Lassa fever,
2022,12,21/03/2022,Kebbi,1,0,,NCDC_Situation_Report,Lassa fever,
2022,12,21/03/2022,Kano,2,0,,NCDC_Situation_Report,Lassa fever,
2022,12,21/03/2022,Katsina,1,0,,NCDC_Situation_Report,Lassa fever,
2022,12,21/03/2022,Zamfara,2,0,,NCDC_Situation_Report,Lassa fever,
2022,12,21/03/2022,Imo,1,0,,NCDC_Situation_Report,Lassa fever,
2022,12,21/03/2022,Abia,1,0,,NCDC_Situation_Report,Lassa fever,
2022,12,21/03/2022,Borno,4,0,,NCDC_Situation_Report,Lassa fever,
2022,12,21/03/2022,Bayelsa,1,0,,NCDC_Situation_Report,Lassa fever,
2022,12,21/03/2022,Jigawa,1,0,,NCDC_Situation_Report,Lassa fever,
2022,13,28/03/2022,Ondo,27,1,,NCDC_Situation_Report,Lassa fever,
2022,13,28/03/2022,Edo,78,3,,NCDC_Situation_Report,Lassa fever,
2022,13,28/03/2022,Bauchi,15,2,2,NCDC_Situation_Report,Lassa fever,
2022,13,28/03/2022,Kogi,3,1,1,NCDC_Situation_Report,Lassa fever,
2022,13,28/03/2022,Ebonyi,6,0,,NCDC_Situation_Report,Lassa fever,
2022,13,28/03/2022,Taraba,4,0,,NCDC_Situation_Report,Lassa fever,
2022,13,28/03/2022,Enugu,1,0,,NCDC_Situation_Report,Lassa fever,
2022,13,28/03/2022,Gombe,5,0,,NCDC_Situation_Report,Lassa fever,
2022,13,28/03/2022,Nasarawa,12,0,,NCDC_Situation_Report,Lassa fever,
2022,13,28/03/2022,Plateau,8,0,,NCDC_Situation_Report,Lassa fever,
2022,13,28/03/2022,Kaduna,33,2,1,NCDC_Situation_Report,Lassa fever,
2022,13,28/03/2022,Anambra,1,0,,NCDC_Situation_Report,Lassa fever,
2022,13,28/03/2022,Delta,1,0,,NCDC_Situation_Report,Lassa fever,
2022,13,28/03/2022,FCT,2,0,,NCDC_Situation_Report,Lassa fever,
2022,13,28/03/2022,Kano,1,0,,NCDC_Situation_Report,Lassa fever,
2022,13,28/03/2022,Katsina,1,0,,NCDC_Situation_Report,Lassa fever,
2022,13,28/03/2022,Osun,2,0,,NCDC_Situation_Report,Lassa fever,
2022,13,28/03/2022,Abia,1,0,,NCDC_Situation_Report,Lassa fever,
2022,13,28/03/2022,Borno,1,0,,NCDC_Situation_Report,Lassa fever,
2022,13,28/03/2022,Bayelsa,2,0,,NCDC_Situation_Report,Lassa fever,
2022,14,04/04/2022,Edo,,,,NCDC_Situation_Report,Lassa fever,missing data from SitRep
2022,15,11/04/2022,Ondo,25,6,1,NCDC_Situation_Report,Lassa fever,
2022,15,11/04/2022,Edo,81,5,,NCDC_Situation_Report,Lassa fever,
2022,15,11/04/2022,Bauchi,27,2,,NCDC_Situation_Report,Lassa fever,
2022,15,11/04/2022,Kogi,3,1,,NCDC_Situation_Report,Lassa fever,
2022,15,11/04/2022,Ebonyi,5,0,,NCDC_Situation_Report,Lassa fever,
2022,15,11/04/2022,Benue,2,1,,NCDC_Situation_Report,Lassa fever,
2022,15,11/04/2022,Taraba,3,2,,NCDC_Situation_Report,Lassa fever,
2022,15,11/04/2022,Oyo,4,0,,NCDC_Situation_Report,Lassa fever,
2022,15,11/04/2022,Gombe,5,0,,NCDC_Situation_Report,Lassa fever,
2022,15,11/04/2022,Nasarawa,3,1,,NCDC_Situation_Report,Lassa fever,
2022,15,11/04/2022,Plateau,2,0,,NCDC_Situation_Report,Lassa fever,
2022,15,11/04/2022,Delta,1,0,,NCDC_Situation_Report,Lassa fever,
2022,15,11/04/2022,FCT,1,0,,NCDC_Situation_Report,Lassa fever,
2022,15,11/04/2022,Akwa Ibom,1,0,,NCDC_Situation_Report,Lassa fever,
2022,15,11/04/2022,Abia,1,0,,NCDC_Situation_Report,Lassa fever,
2022,16,18/04/2022,Ondo,36,6,1,NCDC_Situation_Report,Lassa fever,
2022,16,18/04/2022,Edo,51,6,,NCDC_Situation_Report,Lassa fever,
2022,16,18/04/2022,Bauchi,24,1,,NCDC_Situation_Report,Lassa fever,
2022,16,18/04/2022,Kogi,6,2,,NCDC_Situation_Report,Lassa fever,
2022,16,18/04/2022,Ebonyi,3,0,,NCDC_Situation_Report,Lassa fever,
2022,16,18/04/2022,Benue,2,0,,NCDC_Situation_Report,Lassa fever,
2022,16,18/04/2022,Taraba,2,0,,NCDC_Situation_Report,Lassa fever,
2022,16,18/04/2022,Oyo,4,1,,NCDC_Situation_Report,Lassa fever,
2022,16,18/04/2022,Enugu,1,0,,NCDC_Situation_Report,Lassa fever,
2022,16,18/04/2022,Gombe,2,1,,NCDC_Situation_Report,Lassa fever,
2022,16,18/04/2022,Nasarawa,2,0,,NCDC_Situation_Report,Lassa fever,
2022,16,18/04/2022,Plateau,4,1,,NCDC_Situation_Report,Lassa fever,
2022,16,18/04/2022,Delta,3,0,,NCDC_Situation_Report,Lassa fever,
2022,16,18/04/2022,Cross River,2,0,,NCDC_Situation_Report,Lassa fever,
2022,16,18/04/2022,Zamfara,2,0,,NCDC_Situation_Report,Lassa fever,
2022,16,18/04/2022,Borno,1,0,,NCDC_Situation_Report,Lassa fever,
2022,17,25/04/2022,Ondo,28,2,,NCDC_Situation_Report,Lassa fever,
2022,17,25/04/2022,Edo,64,3,2,NCDC_Situation_Report,Lassa fever,
2022,17,25/04/2022,Kogi,3,1,,NCDC_Situation_Report,Lassa fever,
2022,17,25/04/2022,Gombe,13,0,,NCDC_Situation_Report,Lassa fever,
2022,17,25/04/2022,Enugu,73,2,1,NCDC_Situation_Report,Lassa fever,
2022,17,25/04/2022,Kwara,1,0,,NCDC_Situation_Report,Lassa fever,
2022,18,02/05/2022,Ondo,13,1,1,NCDC_Situation_Report,Lassa fever,
2022,18,02/05/2022,Edo,45,1,1,NCDC_Situation_Report,Lassa fever,
2022,18,02/05/2022,Ebonyi,2,0,,NCDC_Situation_Report,Lassa fever,
2022,18,02/05/2022,Benue,1,1,,NCDC_Situation_Report,Lassa fever,
2022,18,02/05/2022,Taraba,1,0,,NCDC_Situation_Report,Lassa fever,
2022,18,02/05/2022,Enugu,1,0,,NCDC_Situation_Report,Lassa fever,
2022,18,02/05/2022,Plateau,1,0,,NCDC_Situation_Report,Lassa fever,
2022,18,02/05/2022,Delta,3,0,,NCDC_Situation_Report,Lassa fever,
2022,18,02/05/2022,FCT,1,0,,NCDC_Situation_Report,Lassa fever,
2022,18,02/05/2022,Sokoto,1,0,,NCDC_Situation_Report,Lassa fever,
2022,18,02/05/2022,Ogun,2,0,,NCDC_Situation_Report,Lassa fever,
2022,18,02/05/2022,Lagos,1,0,,NCDC_Situation_Report,Lassa fever,
2022,19,10/05/2022,Edo,NA,NA,,NCDC_Situation_Report,Lassa fever,sitreps missing/corrupted for weeks 19 to 23
2022,24,13/06/2022,Ondo,39,5,2,NCDC_Situation_Report,Lassa fever,
2022,24,13/06/2022,Edo,37,2,1,NCDC_Situation_Report,Lassa fever,
2022,24,13/06/2022,Kogi,1,0,,NCDC_Situation_Report,Lassa fever,
2022,24,13/06/2022,Ebonyi,4,0,,NCDC_Situation_Report,Lassa fever,
2022,24,13/06/2022,Benue,1,0,,NCDC_Situation_Report,Lassa fever,
2022,24,13/06/2022,Plateau,3,1,,NCDC_Situation_Report,Lassa fever,
2022,24,13/06/2022,Delta,1,0,,NCDC_Situation_Report,Lassa fever,
2022,24,13/06/2022,FCT,1,0,,NCDC_Situation_Report,Lassa fever,
2022,24,13/06/2022,Akwa Ibom,1,0,,NCDC_Situation_Report,Lassa fever,
2022,25,20/06/2022,Ondo,26,6,1,NCDC_Situation_Report,Lassa fever,
2022,25,20/06/2022,Edo,81,4,,NCDC_Situation_Report,Lassa fever,
2022,25,20/06/2022,Oyo,2,0,,NCDC_Situation_Report,Lassa fever,
2022,25,20/06/2022,Delta,3,0,,NCDC_Situation_Report,Lassa fever,
2022,25,20/06/2022,Lagos,1,0,,NCDC_Situation_Report,Lassa fever,
2022,25,20/06/2022,Rivers,1,0,,NCDC_Situation_Report,Lassa fever,
2022,25,20/06/2022,Bayelsa,1,0,,NCDC_Situation_Report,Lassa fever,
2022,26,27/06/2022,Ondo,37,7,,NCDC_Situation_Report,Lassa fever,
2022,26,27/06/2022,Edo,78,1,,NCDC_Situation_Report,Lassa fever,
2022,26,27/06/2022,Kogi,1,0,,NCDC_Situation_Report,Lassa fever,
2022,26,27/06/2022,Benue,2,1,,NCDC_Situation_Report,Lassa fever,
2022,26,27/06/2022,Nasarawa,2,0,,NCDC_Situation_Report,Lassa fever,
2022,26,27/06/2022,Anambra,5,0,,NCDC_Situation_Report,Lassa fever,
2022,26,27/06/2022,Delta,1,0,,NCDC_Situation_Report,Lassa fever,
2022,26,27/06/2022,Niger,1,0,,NCDC_Situation_Report,Lassa fever,
2022,26,27/06/2022,Lagos,2,0,,NCDC_Situation_Report,Lassa fever,
2022,26,27/06/2022,Ogun,1,0,,NCDC_Situation_Report,Lassa fever,
2022,27,04/07/2022,Ondo,38,8,,NCDC_Situation_Report,Lassa fever,
2022,27,04/07/2022,Edo,67,3,,NCDC_Situation_Report,Lassa fever,
2022,27,04/07/2022,Kogi,1,0,,NCDC_Situation_Report,Lassa fever,
2022,27,04/07/2022,Benue,23,0,,NCDC_Situation_Report,Lassa fever,
2022,27,04/07/2022,Plateau,3,1,,NCDC_Situation_Report,Lassa fever,
2022,27,04/07/2022,Anambra,1,1,,NCDC_Situation_Report,Lassa fever,
2022,27,04/07/2022,Adamawa,3,0,,NCDC_Situation_Report,Lassa fever,
2022,27,04/07/2022,Abia,1,0,,NCDC_Situation_Report,Lassa fever,
2022,28,11/07/2022,Ondo,21,1,1,NCDC_Situation_Report,Lassa fever,
2022,28,11/07/2022,Edo,75,4,1,NCDC_Situation_Report,Lassa fever,
2022,28,11/07/2022,Bauchi,5,0,,NCDC_Situation_Report,Lassa fever,
2022,28,11/07/2022,Nasarawa,1,0,,NCDC_Situation_Report,Lassa fever,
2022,28,11/07/2022,Plateau,1,0,,NCDC_Situation_Report,Lassa fever,
2022,28,11/07/2022,Delta,1,0,,NCDC_Situation_Report,Lassa fever,
2022,28,11/07/2022,FCT,1,0,,NCDC_Situation_Report,Lassa fever,
2022,28,11/07/2022,Lagos,1,0,,NCDC_Situation_Report,Lassa fever,
2022,28,11/07/2022,Kwara,1,0,,NCDC_Situation_Report,Lassa fever,
2022,29,18/07/2022,Ondo,43,5,2,NCDC_Situation_Report,Lassa fever,
2022,29,18/07/2022,Edo,68,5,,NCDC_Situation_Report,Lassa fever,
2022,29,18/07/2022,Bauchi,8,0,,NCDC_Situation_Report,Lassa fever,
2022,29,18/07/2022,Kogi,1,0,,NCDC_Situation_Report,Lassa fever,
2022,29,18/07/2022,Ebonyi,4,0,,NCDC_Situation_Report,Lassa fever,
2022,29,18/07/2022,Benue,1,0,,NCDC_Situation_Report,Lassa fever,
2022,29,18/07/2022,Enugu,1,0,,NCDC_Situation_Report,Lassa fever,
2022,29,18/07/2022,Nasarawa,2,0,,NCDC_Situation_Report,Lassa fever,
2022,29,18/07/2022,Plateau,1,0,,NCDC_Situation_Report,Lassa fever,
2022,29,18/07/2022,Delta,1,0,,NCDC_Situation_Report,Lassa fever,
2022,29,18/07/2022,FCT,1,0,,NCDC_Situation_Report,Lassa fever,
2022,29,18/07/2022,Akwa Ibom,2,0,,NCDC_Situation_Report,Lassa fever,
2022,29,18/07/2022,Bayelsa,1,0,,NCDC_Situation_Report,Lassa fever,
2022,30,25/07/2022,Ondo,37,7,,NCDC_Situation_Report,Lassa fever,
2022,30,25/07/2022,Edo,56,2,,NCDC_Situation_Report,Lassa fever,
2022,30,25/07/2022,Bauchi,2,1,,NCDC_Situation_Report,Lassa fever,
2022,30,25/07/2022,Plateau,1,0,,NCDC_Situation_Report,Lassa fever,
2022,30,25/07/2022,Delta,1,0,,NCDC_Situation_Report,Lassa fever,
2022,30,25/07/2022,Adamawa,1,0,,NCDC_Situation_Report,Lassa fever,
2022,30,25/07/2022,Niger,1,0,,NCDC_Situation_Report,Lassa fever,
2022,30,25/07/2022,Yobe,1,0,,NCDC_Situation_Report,Lassa fever,
2022,31,01/08/2022,Ondo,24,6,,NCDC_Situation_Report,Lassa fever,
2022,31,01/08/2022,Edo,87,3,,NCDC_Situation_Report,Lassa fever,
2022,31,01/08/2022,Kogi,4,2,,NCDC_Situation_Report,Lassa fever,
2022,31,01/08/2022,Ebonyi,3,1,,NCDC_Situation_Report,Lassa fever,
2022,31,01/08/2022,Benue,1,0,,NCDC_Situation_Report,Lassa fever,
2022,31,01/08/2022,Gombe,1,0,,NCDC_Situation_Report,Lassa fever,
2022,31,01/08/2022,Enugu,1,0,,NCDC_Situation_Report,Lassa fever,
2022,31,01/08/2022,Nasarawa,1,0,,NCDC_Situation_Report,Lassa fever,
2022,31,01/08/2022,Plateau,5,0,,NCDC_Situation_Report,Lassa fever,
2022,31,01/08/2022,FCT,1,0,,NCDC_Situation_Report,Lassa fever,
2022,31,01/08/2022,Cross River,1,0,,NCDC_Situation_Report,Lassa fever,
2022,31,01/08/2022,Imo,1,1,,NCDC_Situation_Report,Lassa fever,
2022,31,01/08/2022,Lagos,4,0,,NCDC_Situation_Report,Lassa fever,
2022,31,01/08/2022,Rivers,1,0,,NCDC_Situation_Report,Lassa fever,
2022,31,01/08/2022,Bayelsa,1,0,,NCDC_Situation_Report,Lassa fever,
2022,32,08/08/2022,Ondo,27,3,3,NCDC_Situation_Report,Lassa fever,
2022,32,08/08/2022,Edo,82,5,,NCDC_Situation_Report,Lassa fever,
2022,32,08/08/2022,Bauchi,9,0,,NCDC_Situation_Report,Lassa fever,
2022,32,08/08/2022,Ebonyi,3,0,,NCDC_Situation_Report,Lassa fever,
2022,32,08/08/2022,Benue,3,0,,NCDC_Situation_Report,Lassa fever,
2022,32,08/08/2022,Gombe,1,0,,NCDC_Situation_Report,Lassa fever,
2022,32,08/08/2022,Oyo,1,0,,NCDC_Situation_Report,Lassa fever,
2022,32,08/08/2022,Enugu,1,1,,NCDC_Situation_Report,Lassa fever,
2022,32,08/08/2022,Plateau,3,0,,NCDC_Situation_Report,Lassa fever,
2022,32,08/08/2022,Anambra,1,0,,NCDC_Situation_Report,Lassa fever,
2022,32,08/08/2022,Delta,1,0,,NCDC_Situation_Report,Lassa fever,
2022,32,08/08/2022,FCT,2,0,,NCDC_Situation_Report,Lassa fever,
2022,32,08/08/2022,Cross River,1,0,,NCDC_Situation_Report,Lassa fever,
2022,32,08/08/2022,Imo,39,0,,NCDC_Situation_Report,Lassa fever,
2022,32,08/08/2022,Lagos,1,0,,NCDC_Situation_Report,Lassa fever,
2022,32,08/08/2022,Akwa Ibom,1,0,,NCDC_Situation_Report,Lassa fever,
2022,32,08/08/2022,Ogun,1,0,,NCDC_Situation_Report,Lassa fever,
2022,32,08/08/2022,Kwara,1,0,,NCDC_Situation_Report,Lassa fever,
2022,33,15/08/2022,Ondo,25,4,,NCDC_Situation_Report,Lassa fever,
2022,33,15/08/2022,Edo,52,1,,NCDC_Situation_Report,Lassa fever,
2022,33,15/08/2022,Bauchi,2,0,,NCDC_Situation_Report,Lassa fever,
2022,33,15/08/2022,Kogi,1,0,,NCDC_Situation_Report,Lassa fever,
2022,33,15/08/2022,Oyo,1,0,,NCDC_Situation_Report,Lassa fever,
2022,33,15/08/2022,Plateau,2,0,,NCDC_Situation_Report,Lassa fever,
2022,33,15/08/2022,Delta,1,0,,NCDC_Situation_Report,Lassa fever,
2022,33,15/08/2022,FCT,1,0,,NCDC_Situation_Report,Lassa fever,
2022,33,15/08/2022,Lagos,2,0,,NCDC_Situation_Report,Lassa fever,
2022,33,15/08/2022,Ogun,1,0,,NCDC_Situation_Report,Lassa fever,
2022,34,22/08/2022,Ondo,17,3,,NCDC_Situation_Report,Lassa fever,
2022,34,22/08/2022,Edo,50,2,,NCDC_Situation_Report,Lassa fever,
2022,34,22/08/2022,Bauchi,2,0,,NCDC_Situation_Report,Lassa fever,
2022,34,22/08/2022,Ebonyi,3,0,,NCDC_Situation_Report,Lassa fever,
2022,34,22/08/2022,Benue,2,0,,NCDC_Situation_Report,Lassa fever,
2022,34,22/08/2022,Oyo,2,0,,NCDC_Situation_Report,Lassa fever,
2022,34,22/08/2022,Enugu,1,0,,NCDC_Situation_Report,Lassa fever,
2022,34,22/08/2022,Nasarawa,1,0,,NCDC_Situation_Report,Lassa fever,
2022,34,22/08/2022,Anambra,1,0,,NCDC_Situation_Report,Lassa fever,
2022,35,29/08/2022,Ondo,16,5,,NCDC_Situation_Report,Lassa fever,
2022,35,29/08/2022,Edo,41,4,,NCDC_Situation_Report,Lassa fever,
2022,35,29/08/2022,Bauchi,3,0,,NCDC_Situation_Report,Lassa fever,
2022,35,29/08/2022,Benue,2,0,,NCDC_Situation_Report,Lassa fever,
2022,35,29/08/2022,Gombe,3,0,,NCDC_Situation_Report,Lassa fever,
2022,35,29/08/2022,Nasarawa,3,1,,NCDC_Situation_Report,Lassa fever,
2022,35,29/08/2022,Plateau,2,0,,NCDC_Situation_Report,Lassa fever,
2022,35,29/08/2022,Kaduna,1,0,,NCDC_Situation_Report,Lassa fever,
2022,35,29/08/2022,Yobe,1,0,,NCDC_Situation_Report,Lassa fever,
2022,35,29/08/2022,Borno,3,0,,NCDC_Situation_Report,Lassa fever,
2022,36,05/09/2022,Ondo,27,5,1,NCDC_Situation_Report,Lassa fever,
2022,36,05/09/2022,Edo,54,1,,NCDC_Situation_Report,Lassa fever,
2022,36,05/09/2022,Bauchi,4,1,,NCDC_Situation_Report,Lassa fever,
2022,36,05/09/2022,Benue,4,0,,NCDC_Situation_Report,Lassa fever,
2022,36,05/09/2022,Gombe,1,0,,NCDC_Situation_Report,Lassa fever,
2022,36,05/09/2022,Nasarawa,11,0,,NCDC_Situation_Report,Lassa fever,
2022,36,05/09/2022,Plateau,2,0,,NCDC_Situation_Report,Lassa fever,
2022,36,05/09/2022,Anambra,1,1,,NCDC_Situation_Report,Lassa fever,
2022,36,05/09/2022,Lagos,6,0,,NCDC_Situation_Report,Lassa fever,
2022,36,05/09/2022,Kano,1,0,,NCDC_Situation_Report,Lassa fever,
2022,36,05/09/2022,Sokoto,1,0,,NCDC_Situation_Report,Lassa fever,
2022,36,05/09/2022,Borno,1,0,,NCDC_Situation_Report,Lassa fever,
2022,37,12/09/2022,Ondo,22,5,,NCDC_Situation_Report,Lassa fever,
2022,37,12/09/2022,Edo,34,0,,NCDC_Situation_Report,Lassa fever,
2022,37,12/09/2022,Bauchi,5,1,,NCDC_Situation_Report,Lassa fever,
2022,37,12/09/2022,Gombe,1,0,,NCDC_Situation_Report,Lassa fever,
2022,37,12/09/2022,Nasarawa,5,0,,NCDC_Situation_Report,Lassa fever,
2022,37,12/09/2022,Lagos,1,0,,NCDC_Situation_Report,Lassa fever,
2022,37,12/09/2022,Ogun,2,0,,NCDC_Situation_Report,Lassa fever,
2022,38,19/09/2022,Ondo,23,5,1,NCDC_Situation_Report,Lassa fever,
2022,38,19/09/2022,Bauchi,7,1,,NCDC_Situation_Report,Lassa fever,
2022,38,19/09/2022,Nasarawa,1,0,,NCDC_Situation_Report,Lassa fever,
2022,38,19/09/2022,Niger,1,0,,NCDC_Situation_Report,Lassa fever,
2022,38,19/09/2022,Kebbi,1,0,,NCDC_Situation_Report,Lassa fever,
2022,38,19/09/2022,Rivers,4,0,,NCDC_Situation_Report,Lassa fever,
2022,39,26/09/2022,Ondo,20,3,1,NCDC_Situation_Report,Lassa fever,
2022,39,26/09/2022,Edo,31,0,,NCDC_Situation_Report,Lassa fever,
2022,39,26/09/2022,Bauchi,14,0,,NCDC_Situation_Report,Lassa fever,
2022,39,26/09/2022,Kogi,1,0,,NCDC_Situation_Report,Lassa fever,
2022,39,26/09/2022,Ebonyi,4,0,,NCDC_Situation_Report,Lassa fever,
2022,39,26/09/2022,Benue,2,0,,NCDC_Situation_Report,Lassa fever,
2022,39,26/09/2022,Enugu,1,1,,NCDC_Situation_Report,Lassa fever,
2022,39,26/09/2022,Nasarawa,1,0,,NCDC_Situation_Report,Lassa fever,
2022,39,26/09/2022,Anambra,6,0,,NCDC_Situation_Report,Lassa fever,
2022,39,26/09/2022,Delta,1,0,,NCDC_Situation_Report,Lassa fever,
2022,39,26/09/2022,FCT,1,0,,NCDC_Situation_Report,Lassa fever,
2022,39,26/09/2022,Cross River,2,0,,NCDC_Situation_Report,Lassa fever,
2022,39,26/09/2022,Kebbi,1,0,,NCDC_Situation_Report,Lassa fever,
2022,40,03/10/2022,Ondo,16,2,,NCDC_Situation_Report,Lassa fever,
2022,40,03/10/2022,Bauchi,4,1,,NCDC_Situation_Report,Lassa fever,
2022,40,03/10/2022,Benue,1,0,,NCDC_Situation_Report,Lassa fever,
2022,40,03/10/2022,Gombe,1,0,,NCDC_Situation_Report,Lassa fever,
2022,40,03/10/2022,Nasarawa,3,0,,NCDC_Situation_Report,Lassa fever,
2022,40,03/10/2022,Plateau,3,0,,NCDC_Situation_Report,Lassa fever,
2022,40,03/10/2022,Ekiti,1,1,,NCDC_Situation_Report,Lassa fever,
2022,41,10/10/2022,Ondo,22,2,,NCDC_Situation_Report,Lassa fever,
2022,41,10/10/2022,Edo,64,2,,NCDC_Situation_Report,Lassa fever,
2022,41,10/10/2022,Bauchi,9,0,,NCDC_Situation_Report,Lassa fever,
2022,41,10/10/2022,Delta,1,0,,NCDC_Situation_Report,Lassa fever,
2022,41,10/10/2022,Ekiti,1,0,,NCDC_Situation_Report,Lassa fever,
2022,42,17/10/2022,Ondo,33,4,,NCDC_Situation_Report,Lassa fever,
2022,42,17/10/2022,Edo,40,1,,NCDC_Situation_Report,Lassa fever,
2022,42,17/10/2022,Bauchi,9,0,,NCDC_Situation_Report,Lassa fever,
2022,42,17/10/2022,Ebonyi,6,1,,NCDC_Situation_Report,Lassa fever,
2022,42,17/10/2022,Enugu,1,0,,NCDC_Situation_Report,Lassa fever,
2022,42,17/10/2022,Nasarawa,2,0,,NCDC_Situation_Report,Lassa fever,
2022,42,17/10/2022,Anambra,1,0,,NCDC_Situation_Report,Lassa fever,
2022,42,17/10/2022,Cross River,1,1,,NCDC_Situation_Report,Lassa fever,
2022,42,17/10/2022,Lagos,1,0,,NCDC_Situation_Report,Lassa fever,
2022,42,17/10/2022,Borno,1,0,,NCDC_Situation_Report,Lassa fever,
2022,43,24/10/2022,Ondo,20,3,,NCDC_Situation_Report,Lassa fever,
2022,43,24/10/2022,Edo,66,6,,NCDC_Situation_Report,Lassa fever,
2022,43,24/10/2022,Bauchi,8,0,,NCDC_Situation_Report,Lassa fever,
2022,43,24/10/2022,Ebonyi,2,0,,NCDC_Situation_Report,Lassa fever,
2022,43,24/10/2022,Gombe,2,0,,NCDC_Situation_Report,Lassa fever,
2022,43,24/10/2022,Nasarawa,1,0,,NCDC_Situation_Report,Lassa fever,
2022,43,24/10/2022,Plateau,1,0,,NCDC_Situation_Report,Lassa fever,
2022,43,24/10/2022,Anambra,1,0,,NCDC_Situation_Report,Lassa fever,
2022,43,24/10/2022,Cross River,1,1,1,NCDC_Situation_Report,Lassa fever,
2022,43,24/10/2022,Delta,2,0,,NCDC_Situation_Report,Lassa fever,
2022,43,24/10/2022,Adamawa,3,0,,NCDC_Situation_Report,Lassa fever,
2022,43,24/10/2022,Yobe,1,0,,NCDC_Situation_Report,Lassa fever,
2022,44,31/10/2022,Ondo,37,9,,NCDC_Situation_Report,Lassa fever,
2022,44,31/10/2022,Edo,64,5,,NCDC_Situation_Report,Lassa fever,
2022,44,31/10/2022,Kogi,2,1,,NCDC_Situation_Report,Lassa fever,
2022,44,31/10/2022,Benue,1,1,,NCDC_Situation_Report,Lassa fever,
2022,44,31/10/2022,Oyo,1,1,,NCDC_Situation_Report,Lassa fever,
2022,44,31/10/2022,Plateau,4,0,,NCDC_Situation_Report,Lassa fever,
2022,44,31/10/2022,Lagos,1,0,,NCDC_Situation_Report,Lassa fever,
2022,45,07/11/2022,Ondo,21,3,,NCDC_Situation_Report,Lassa fever,
2022,45,07/11/2022,Edo,62,4,,NCDC_Situation_Report,Lassa fever,
2022,45,07/11/2022,Ebonyi,4,1,,NCDC_Situation_Report,Lassa fever,
2022,45,07/11/2022,Oyo,2,1,,NCDC_Situation_Report,Lassa fever,
2022,45,07/11/2022,Enugu,1,0,,NCDC_Situation_Report,Lassa fever,
2022,45,07/11/2022,Nasarawa,2,0,,NCDC_Situation_Report,Lassa fever,
2022,45,07/11/2022,Delta,1,1,,NCDC_Situation_Report,Lassa fever,
2022,45,07/11/2022,FCT,1,0,,NCDC_Situation_Report,Lassa fever,
2022,45,07/11/2022,Abia,2,0,,NCDC_Situation_Report,Lassa fever,
2022,46,14/11/2022,Ondo,20,2,,NCDC_Situation_Report,Lassa fever,
2022,46,14/11/2022,Edo,66,1,,NCDC_Situation_Report,Lassa fever,
2022,46,14/11/2022,Kogi,1,0,,NCDC_Situation_Report,Lassa fever,
2022,46,14/11/2022,Ebonyi,7,0,,NCDC_Situation_Report,Lassa fever,
2022,46,14/11/2022,Benue,4,1,,NCDC_Situation_Report,Lassa fever,
2022,46,14/11/2022,Taraba,1,0,,NCDC_Situation_Report,Lassa fever,
2022,46,14/11/2022,Plateau,2,0,,NCDC_Situation_Report,Lassa fever,
2022,46,14/11/2022,Lagos,1,0,,NCDC_Situation_Report,Lassa fever,
2022,46,14/11/2022,Sokoto,1,0,,NCDC_Situation_Report,Lassa fever,
2022,47,21/11/2022,Ondo,27,2,,NCDC_Situation_Report,Lassa fever,
2022,47,21/11/2022,Edo,59,1,,NCDC_Situation_Report,Lassa fever,
2022,47,21/11/2022,Kogi,3,0,,NCDC_Situation_Report,Lassa fever,
2022,47,21/11/2022,Benue,1,0,,NCDC_Situation_Report,Lassa fever,
2022,47,21/11/2022,Nasarawa,4,1,,NCDC_Situation_Report,Lassa fever,
2022,47,21/11/2022,Anambra,1,0,,NCDC_Situation_Report,Lassa fever,
2022,47,21/11/2022,Delta,1,0,,NCDC_Situation_Report,Lassa fever,
2022,47,21/11/2022,Lagos,1,0,,NCDC_Situation_Report,Lassa fever,
2022,47,21/11/2022,Yobe,1,0,,NCDC_Situation_Report,Lassa fever,
2022,48,28/11/2022,Ondo,26,7,,NCDC_Situation_Report,Lassa fever,
2022,48,28/11/2022,Edo,62,3,,NCDC_Situation_Report,Lassa fever,
2022,48,28/11/2022,Bauchi,61,10,,NCDC_Situation_Report,Lassa fever,
2022,48,28/11/2022,Ebonyi,5,0,,NCDC_Situation_Report,Lassa fever,
2022,48,28/11/2022,Benue,2,1,,NCDC_Situation_Report,Lassa fever,
2022,48,28/11/2022,Nasarawa,3,0,,NCDC_Situation_Report,Lassa fever,
2022,48,28/11/2022,Plateau,5,1,,NCDC_Situation_Report,Lassa fever,
2022,48,28/11/2022,Delta,2,0,,NCDC_Situation_Report,Lassa fever,
2022,48,28/11/2022,Cross River,1,0,,NCDC_Situation_Report,Lassa fever,
2022,48,28/11/2022,FCT,1,0,,NCDC_Situation_Report,Lassa fever,
2022,48,28/11/2022,Lagos,1,0,,NCDC_Situation_Report,Lassa fever,
2022,48,28/11/2022,Kano,2,0,,NCDC_Situation_Report,Lassa fever,
2022,49,05/12/2022,Ondo,48,3,,NCDC_Situation_Report,Lassa fever,
2022,49,05/12/2022,Bauchi,71,7,,NCDC_Situation_Report,Lassa fever,
2022,49,05/12/2022,Ebonyi,8,2,1,NCDC_Situation_Report,Lassa fever,
2022,49,05/12/2022,Taraba,1,0,,NCDC_Situation_Report,Lassa fever,
2022,49,05/12/2022,Gombe,1,0,,NCDC_Situation_Report,Lassa fever,
2022,49,05/12/2022,Oyo,5,0,,NCDC_Situation_Report,Lassa fever,
2022,49,05/12/2022,Enugu,1,0,,NCDC_Situation_Report,Lassa fever,
2022,49,05/12/2022,Nasarawa,3,0,,NCDC_Situation_Report,Lassa fever,
2022,49,05/12/2022,Plateau,1,0,,NCDC_Situation_Report,Lassa fever,
2022,49,05/12/2022,Kaduna,1,0,,NCDC_Situation_Report,Lassa fever,
2022,49,05/12/2022,Cross River,1,0,,NCDC_Situation_Report,Lassa fever,
2022,49,05/12/2022,FCT,2,0,,NCDC_Situation_Report,Lassa fever,
2022,49,05/12/2022,Sokoto,1,1,,NCDC_Situation_Report,Lassa fever,
2022,49,05/12/2022,Kano,1,0,,NCDC_Situation_Report,Lassa fever,
2022,49,05/12/2022,Rivers,1,0,,NCDC_Situation_Report,Lassa fever,
2022,50,12/12/2022,Ondo,29,7,,NCDC_Situation_Report,Lassa fever,
2022,50,12/12/2022,Bauchi,16,1,,NCDC_Situation_Report,Lassa fever,
2022,50,12/12/2022,Ebonyi,8,0,,NCDC_Situation_Report,Lassa fever,
2022,50,12/12/2022,Benue,1,0,,NCDC_Situation_Report,Lassa fever,
2022,50,12/12/2022,Taraba,1,1,,NCDC_Situation_Report,Lassa fever,
2022,50,12/12/2022,Gombe,1,0,,NCDC_Situation_Report,Lassa fever,
2022,50,12/12/2022,Enugu,5,0,,NCDC_Situation_Report,Lassa fever,
2022,50,12/12/2022,Nasarawa,3,1,,NCDC_Situation_Report,Lassa fever,
2022,50,12/12/2022,Plateau,2,0,,NCDC_Situation_Report,Lassa fever,
2022,50,12/12/2022,Anambra,5,0,,NCDC_Situation_Report,Lassa fever,
2022,50,12/12/2022,Cross River,1,0,,NCDC_Situation_Report,Lassa fever,
2022,50,12/12/2022,FCT,1,0,,NCDC_Situation_Report,Lassa fever,
2022,50,12/12/2022,Kebbi,1,0,,NCDC_Situation_Report,Lassa fever,
2022,51,19/12/2022,Ondo,23,1,,NCDC_Situation_Report,Lassa fever,
2022,51,19/12/2022,Edo,54,3,,NCDC_Situation_Report,Lassa fever,
2022,51,19/12/2022,Bauchi,35,6,1,NCDC_Situation_Report,Lassa fever,
2022,51,19/12/2022,Ebonyi,6,1,,NCDC_Situation_Report,Lassa fever,
2022,51,19/12/2022,Taraba,5,2,,NCDC_Situation_Report,Lassa fever,
2022,51,19/12/2022,Oyo,6,4,,NCDC_Situation_Report,Lassa fever,
2022,51,19/12/2022,Enugu,1,0,,NCDC_Situation_Report,Lassa fever,
2022,51,19/12/2022,Nasarawa,4,0,,NCDC_Situation_Report,Lassa fever,
2022,51,19/12/2022,Plateau,5,0,,NCDC_Situation_Report,Lassa fever,
2022,51,19/12/2022,Delta,2,0,,NCDC_Situation_Report,Lassa fever,
2022,51,19/12/2022,FCT,1,0,,NCDC_Situation_Report,Lassa fever,
2022,51,19/12/2022,Imo,1,0,,NCDC_Situation_Report,Lassa fever,
2022,51,19/12/2022,Niger,1,0,,NCDC_Situation_Report,Lassa fever,
2022,51,19/12/2022,Abia,1,0,,NCDC_Situation_Report,Lassa fever,
2022,52,26/12/2022,Edo,53,9,,NCDC_Situation_Report,Lassa fever,
2022,52,26/12/2022,Bauchi,2,0,,NCDC_Situation_Report,Lassa fever,
2022,52,26/12/2022,Ebonyi,11,2,,NCDC_Situation_Report,Lassa fever,
2022,52,26/12/2022,Benue,7,1,,NCDC_Situation_Report,Lassa fever,
2022,52,26/12/2022,Nasarawa,2,0,,NCDC_Situation_Report,Lassa fever,
2022,52,26/12/2022,FCT,1,0,,NCDC_Situation_Report,Lassa fever,
2022,52,26/12/2022,Niger,1,0,,NCDC_Situation_Report,Lassa fever,
2022,52,26/12/2022,Kebbi,1,0,,NCDC_Situation_Report,Lassa fever,
2022,52,26/12/2022,Lagos,1,0,,NCDC_Situation_Report,Lassa fever,
2023,1,02/01/2023,Edo,40,16,,NCDC_Situation_Report,Lassa fever,
2023,1,02/01/2023,Ondo,11,6,,NCDC_Situation_Report,Lassa fever,
2023,1,02/01/2023,Bauchi,17,3,,NCDC_Situation_Report,Lassa fever,
2023,1,02/01/2023,Plateau,3,2,,NCDC_Situation_Report,Lassa fever,
2023,1,02/01/2023,Kogi,1,1,,NCDC_Situation_Report,Lassa fever,
2023,1,02/01/2023,Ebonyi,5,1,,NCDC_Situation_Report,Lassa fever,
2023,1,02/01/2023,Nasarawa,1,1,,NCDC_Situation_Report,Lassa fever,
2023,1,02/01/2023,Kaduna,1,0,,NCDC_Situation_Report,Lassa fever,
2023,1,02/01/2023,Imo,1,0,,NCDC_Situation_Report,Lassa fever,
2023,1,02/01/2023,Enugu,1,0,,NCDC_Situation_Report,Lassa fever,
2023,1,02/01/2023,Delta,1,0,,NCDC_Situation_Report,Lassa fever,
2023,1,02/01/2023,FCT,22,0,,NCDC_Situation_Report,Lassa fever,
2023,2,09/01/2023,Edo,67,25,2,NCDC_Situation_Report,Lassa fever,
2023,2,09/01/2023,Ondo,83,33,,NCDC_Situation_Report,Lassa fever,
2023,2,09/01/2023,Bauchi,21,5,1,NCDC_Situation_Report,Lassa fever,
2023,2,09/01/2023,Ebonyi,15,6,2,NCDC_Situation_Report,Lassa fever,
2023,2,09/01/2023,Benue,5,4,,NCDC_Situation_Report,Lassa fever,
2023,2,09/01/2023,Nasarawa,18,1,,NCDC_Situation_Report,Lassa fever,
2023,2,09/01/2023,Oyo,2,1,,NCDC_Situation_Report,Lassa fever,
2023,2,09/01/2023,Kogi,1,1,,NCDC_Situation_Report,Lassa fever,
2023,2,09/01/2023,Imo,2,1,1,NCDC_Situation_Report,Lassa fever,
2023,2,09/01/2023,Niger,1,0,,NCDC_Situation_Report,Lassa fever,
2023,2,09/01/2023,Gombe,1,0,,NCDC_Situation_Report,Lassa fever,
2023,2,09/01/2023,Ogun,2,0,,NCDC_Situation_Report,Lassa fever,
2023,2,09/01/2023,Rivers,1,0,,NCDC_Situation_Report,Lassa fever,
2023,2,09/01/2023,Kwara,1,0,,NCDC_Situation_Report,Lassa fever,
2023,2,09/01/2023,Osun,1,0,,NCDC_Situation_Report,Lassa fever,
2023,2,09/01/2023,Taraba,1,0,,NCDC_Situation_Report,Lassa fever,
2023,2,09/01/2023,FCT,3,0,,NCDC_Situation_Report,Lassa fever,
2023,2,09/01/2023,Lagos,4,0,,NCDC_Situation_Report,Lassa fever,
2023,2,09/01/2023,Delta,1,0,,NCDC_Situation_Report,Lassa fever,
2023,2,09/01/2023,Enugu,1,0,,NCDC_Situation_Report,Lassa fever,
2023,3,16/01/2023,Ondo,137,51,4,NCDC_Situation_Report,Lassa fever,
2023,3,16/01/2023,Edo,193,48,6,NCDC_Situation_Report,Lassa fever,
2023,3,16/01/2023,Bauchi,74,5,1,NCDC_Situation_Report,Lassa fever,
2023,3,16/01/2023,Taraba,18,8,3,NCDC_Situation_Report,Lassa fever,
2023,3,16/01/2023,Benue,13,5,1,NCDC_Situation_Report,Lassa fever,
2023,3,16/01/2023,Ebonyi,10,3,2,NCDC_Situation_Report,Lassa fever,
2023,3,16/01/2023,Nasarawa,20,5,,NCDC_Situation_Report,Lassa fever,
2023,3,16/01/2023,Plateau,22,3,,NCDC_Situation_Report,Lassa fever,
2023,3,16/01/2023,Kogi,11,3,,NCDC_Situation_Report,Lassa fever,
2023,3,16/01/2023,Anambra,21,2,1,NCDC_Situation_Report,Lassa fever,
2023,3,16/01/2023,Adamawa,1,1,,NCDC_Situation_Report,Lassa fever,
2023,3,16/01/2023,FCT,4,1,,NCDC_Situation_Report,Lassa fever,
2023,3,16/01/2023,Delta,5,1,,NCDC_Situation_Report,Lassa fever,
2023,3,16/01/2023,Imo,1,0,,NCDC_Situation_Report,Lassa fever,
2023,3,16/01/2023,Enugu,4,1,,NCDC_Situation_Report,Lassa fever,
2023,3,16/01/2023,Ka,8,0,,NCDC_Situation_Report,Lassa fever,
2023,3,16/01/2023,Bayelsa,1,0,,NCDC_Situation_Report,Lassa fever,
2023,3,16/01/2023,Akwa Ibom,2,0,,NCDC_Situation_Report,Lassa fever,
2023,3,16/01/2023,Yobe,1,0,,NCDC_Situation_Report,Lassa fever,
2023,3,16/01/2023,Ekiti,1,0,,NCDC_Situation_Report,Lassa fever,
2023,3,16/01/2023,Niger,1,0,,NCDC_Situation_Report,Lassa fever,
2023,3,16/01/2023,Gombe,1,0,,NCDC_Situation_Report,Lassa fever,
2023,3,16/01/2023,Ogun,2,0,,NCDC_Situation_Report,Lassa fever,
2023,3,16/01/2023,Rivers,2,0,,NCDC_Situation_Report,Lassa fever,
2023,3,16/01/2023,Kwara,4,0,,NCDC_Situation_Report,Lassa fever,
2023,3,16/01/2023,Osun,1,0,,NCDC_Situation_Report,Lassa fever,
2023,3,16/01/2023,Lagos,2,0,,NCDC_Situation_Report,Lassa fever,
2023,4,23/01/2023,Ondo,142,40,4,NCDC_Situation_Report,Lassa fever,
2023,4,23/01/2023,Edo,148,25,4,NCDC_Situation_Report,Lassa fever,
2023,4,23/01/2023,Taraba,25,16,3,NCDC_Situation_Report,Lassa fever,
2023,4,23/01/2023,Bauchi,54,8,,NCDC_Situation_Report,Lassa fever,
2023,4,23/01/2023,Benue,13,7,,NCDC_Situation_Report,Lassa fever,
2023,4,23/01/2023,Ebonyi,15,7,,NCDC_Situation_Report,Lassa fever,
2023,4,23/01/2023,Nasarawa,10,3,,NCDC_Situation_Report,Lassa fever,
2023,4,23/01/2023,Plateau,5,4,,NCDC_Situation_Report,Lassa fever,
2023,4,23/01/2023,Kogi,2,1,,NCDC_Situation_Report,Lassa fever,
2023,4,23/01/2023,Kano,6,2,,NCDC_Situation_Report,Lassa fever,
2023,4,23/01/2023,Anambra,2,0,,NCDC_Situation_Report,Lassa fever,
2023,4,23/01/2023,FCT,5,1,,NCDC_Situation_Report,Lassa fever,
2023,4,23/01/2023,Delta,4,1,,NCDC_Situation_Report,Lassa fever,
2023,4,23/01/2023,Enugu,5,1,,NCDC_Situation_Report,Lassa fever,
2023,4,23/01/2023,Gombe,3,1,,NCDC_Situation_Report,Lassa fever,
2023,4,23/01/2023,Oyo,1,0,,NCDC_Situation_Report,Lassa fever,
2023,4,23/01/2023,Abia,1,0,,NCDC_Situation_Report,Lassa fever,
2023,4,23/01/2023,Yobe,1,0,,NCDC_Situation_Report,Lassa fever,
2023,4,23/01/2023,Osun,1,0,,NCDC_Situation_Report,Lassa fever,
2023,4,23/01/2023,Kaduna,2,0,,NCDC_Situation_Report,Lassa fever,
2023,5,30/01/2023,Ondo,132,42,3,NCDC_Situation_Report,Lassa fever,
2023,5,30/01/2023,Edo,183,35,3,NCDC_Situation_Report,Lassa fever,
2023,5,30/01/2023,Taraba,16,6,1,NCDC_Situation_Report,Lassa fever,
2023,5,30/01/2023,Bauchi,47,4,1,NCDC_Situation_Report,Lassa fever,
2023,5,30/01/2023,Ebonyi,16,7,4,NCDC_Situation_Report,Lassa fever,
2023,5,30/01/2023,Benue,5,3,2,NCDC_Situation_Report,Lassa fever,
2023,5,30/01/2023,Nasarawa,23,2,1,NCDC_Situation_Report,Lassa fever,
2023,5,30/01/2023,Plateau,2,1,1,NCDC_Situation_Report,Lassa fever,
2023,5,30/01/2023,Kogi,4,5,,NCDC_Situation_Report,Lassa fever,
2023,5,30/01/2023,Enugu,7,1,,NCDC_Situation_Report,Lassa fever,
2023,5,30/01/2023,Anambra,1,0,,NCDC_Situation_Report,Lassa fever,
2023,5,30/01/2023,FCT,3,0,,NCDC_Situation_Report,Lassa fever,
2023,5,30/01/2023,Delta,1,0,,NCDC_Situation_Report,Lassa fever,
2023,5,30/01/2023,Adamawa,1,0,,NCDC_Situation_Report,Lassa fever,
2023,5,30/01/2023,Niger,1,1,,NCDC_Situation_Report,Lassa fever,
2023,5,30/01/2023,Gombe,3,0,,NCDC_Situation_Report,Lassa fever,
2023,5,30/01/2023,Oyo,1,0,,NCDC_Situation_Report,Lassa fever,
2023,5,30/01/2023,Imo,2,0,,NCDC_Situation_Report,Lassa fever,
2023,5,30/01/2023,Cross River,1,1,,NCDC_Situation_Report,Lassa fever,
2023,5,30/01/2023,Yobe,1,0,,NCDC_Situation_Report,Lassa fever,
2023,5,30/01/2023,Ogun,5,0,,NCDC_Situation_Report,Lassa fever,
2023,6,06/02/2023,Ondo,128,21,4,NCDC_Situation_Report,Lassa fever,
2023,6,06/02/2023,Edo,135,15,5,NCDC_Situation_Report,Lassa fever,
2023,6,06/02/2023,Bauchi,56,14,2,NCDC_Situation_Report,Lassa fever,
2023,6,06/02/2023,Taraba,37,7,3,NCDC_Situation_Report,Lassa fever,
2023,6,06/02/2023,Ebonyi,11,4,1,NCDC_Situation_Report,Lassa fever,
2023,6,06/02/2023,Benue,5,1,,NCDC_Situation_Report,Lassa fever,
2023,6,06/02/2023,Nasarawa,16,1,,NCDC_Situation_Report,Lassa fever,
2023,6,06/02/2023,Plateau,4,1,,NCDC_Situation_Report,Lassa fever,
2023,6,06/02/2023,Kogi,2,0,,NCDC_Situation_Report,Lassa fever,
2023,6,06/02/2023,Gombe,6,4,,NCDC_Situation_Report,Lassa fever,
2023,6,06/02/2023,Enugu,1,0,,NCDC_Situation_Report,Lassa fever,
2023,6,06/02/2023,Kano,2,0,,NCDC_Situation_Report,Lassa fever,
2023,6,06/02/2023,Oyo,2,0,,NCDC_Situation_Report,Lassa fever,
2023,6,06/02/2023,FCT,3,0,,NCDC_Situation_Report,Lassa fever,
2023,6,06/02/2023,Imo,2,0,,NCDC_Situation_Report,Lassa fever,
2023,6,06/02/2023,Cross River,2,0,,NCDC_Situation_Report,Lassa fever,
2023,6,06/02/2023,Abia,1,0,,NCDC_Situation_Report,Lassa fever,
2023,6,06/02/2023,Yobe,1,0,,NCDC_Situation_Report,Lassa fever,
2023,6,06/02/2023,Kwara,1,0,,NCDC_Situation_Report,Lassa fever,
2023,7,13/02/2023,Ondo,94,7,,NCDC_Situation_Report,Lassa fever,
2023,7,13/02/2023,Edo,132,12,2,NCDC_Situation_Report,Lassa fever,
2023,7,13/02/2023,Taraba,38,12,4,NCDC_Situation_Report,Lassa fever,
2023,7,13/02/2023,Bauchi,80,9,,NCDC_Situation_Report,Lassa fever,
2023,7,13/02/2023,Ebonyi,13,4,2,NCDC_Situation_Report,Lassa fever,
2023,7,13/02/2023,Benue,3,0,,NCDC_Situation_Report,Lassa fever,
2023,7,13/02/2023,Nasarawa,5,0,,NCDC_Situation_Report,Lassa fever,
2023,7,13/02/2023,Plateau,1,0,,NCDC_Situation_Report,Lassa fever,
2023,7,13/02/2023,Gombe,2,1,,NCDC_Situation_Report,Lassa fever,
2023,7,13/02/2023,Enugu,1,0,,NCDC_Situation_Report,Lassa fever,
2023,7,13/02/2023,Anambra,2,0,,NCDC_Situation_Report,Lassa fever,
2023,7,13/02/2023,Delta,1,0,,NCDC_Situation_Report,Lassa fever,
2023,7,13/02/2023,Bayelsa,1,1,,NCDC_Situation_Report,Lassa fever,
2023,7,13/02/2023,Niger,1,0,,NCDC_Situation_Report,Lassa fever,
2023,7,13/02/2023,Oyo,1,0,,NCDC_Situation_Report,Lassa fever,
2023,7,13/02/2023,FCT,1,0,,NCDC_Situation_Report,Lassa fever,
2023,7,13/02/2023,Imo,1,0,,NCDC_Situation_Report,Lassa fever,
2023,7,13/02/2023,Zamfara,1,0,,NCDC_Situation_Report,Lassa fever,
2023,7,13/02/2023,Abia,2,0,,NCDC_Situation_Report,Lassa fever,
2023,7,13/02/2023,Ekiti,2,0,,NCDC_Situation_Report,Lassa fever,
2023,7,13/02/2023,Rivers,1,0,,NCDC_Situation_Report,Lassa fever,
2023,7,13/02/2023,Osun,1,0,,NCDC_Situation_Report,Lassa fever,
2023,8,20/02/2023,Ondo,63,10,3,NCDC_Situation_Report,Lassa fever,
2023,8,20/02/2023,Edo,107,5,2,NCDC_Situation_Report,Lassa fever,
2023,8,20/02/2023,Bauchi,69,12,2,NCDC_Situation_Report,Lassa fever,
2023,8,20/02/2023,Taraba,29,10,1,NCDC_Situation_Report,Lassa fever,
2023,8,20/02/2023,Ebonyi,15,3,1,NCDC_Situation_Report,Lassa fever,
2023,8,20/02/2023,Benue,26,13,,NCDC_Situation_Report,Lassa fever,
2023,8,20/02/2023,Nasarawa,6,0,,NCDC_Situation_Report,Lassa fever,
2023,8,20/02/2023,Kogi,3,1,,NCDC_Situation_Report,Lassa fever,
2023,8,20/02/2023,Gombe,5,0,,NCDC_Situation_Report,Lassa fever,
2023,8,20/02/2023,Kano,12,2,,NCDC_Situation_Report,Lassa fever,
2023,8,20/02/2023,Jigawa,6,2,,NCDC_Situation_Report,Lassa fever,
2023,8,20/02/2023,Anambra,1,0,,NCDC_Situation_Report,Lassa fever,
2023,8,20/02/2023,FCT,2,1,,NCDC_Situation_Report,Lassa fever,
2023,8,20/02/2023,Adamawa,1,0,,NCDC_Situation_Report,Lassa fever,
2023,8,20/02/2023,Imo,3,0,,NCDC_Situation_Report,Lassa fever,
2023,8,20/02/2023,Katsina,1,0,,NCDC_Situation_Report,Lassa fever,
2023,8,20/02/2023,Ogun,1,0,,NCDC_Situation_Report,Lassa fever,
2023,8,20/02/2023,Kaduna,1,0,,NCDC_Situation_Report,Lassa fever,
2023,9,27/02/2023,Ondo,59,11,2,NCDC_Situation_Report,Lassa fever,
2023,9,27/02/2023,Edo,94,16,,NCDC_Situation_Report,Lassa fever,
2023,9,27/02/2023,Bauchi,53,5,1,NCDC_Situation_Report,Lassa fever,
2023,9,27/02/2023,Taraba,10,5,,NCDC_Situation_Report,Lassa fever,
2023,9,27/02/2023,Ebonyi,16,3,2,NCDC_Situation_Report,Lassa fever,
2023,9,27/02/2023,Benue,4,0,,NCDC_Situation_Report,Lassa fever,
2023,9,27/02/2023,Nasarawa,7,0,,NCDC_Situation_Report,Lassa fever,
2023,9,27/02/2023,Plateau,6,0,,NCDC_Situation_Report,Lassa fever,
2023,9,27/02/2023,Kogi,1,0,,NCDC_Situation_Report,Lassa fever,
2023,9,27/02/2023,Gombe,2,0,,NCDC_Situation_Report,Lassa fever,
2023,9,27/02/2023,Kano,5,0,,NCDC_Situation_Report,Lassa fever,
2023,9,27/02/2023,Enugu,1,0,,NCDC_Situation_Report,Lassa fever,
2023,9,27/02/2023,Jigawa,1,0,,NCDC_Situation_Report,Lassa fever,
2023,9,27/02/2023,Anambra,2,0,,NCDC_Situation_Report,Lassa fever,
2023,9,27/02/2023,Delta,2,0,,NCDC_Situation_Report,Lassa fever,
2023,9,27/02/2023,Bayelsa,12,0,,NCDC_Situation_Report,Lassa fever,
2023,9,27/02/2023,Oyo,2,0,,NCDC_Situation_Report,Lassa fever,
2023,9,27/02/2023,Cross River,2,0,,NCDC_Situation_Report,Lassa fever,
2023,9,27/02/2023,Yobe,1,0,,NCDC_Situation_Report,Lassa fever,
2023,9,27/02/2023,Ekiti,1,0,,NCDC_Situation_Report,Lassa fever,
2023,9,27/02/2023,Rivers,1,0,,NCDC_Situation_Report,Lassa fever,
2023,9,27/02/2023,Osun,2,0,,NCDC_Situation_Report,Lassa fever,
2023,9,27/02/2023,Kaduna,11,0,,NCDC_Situation_Report,Lassa fever,
2023,10,06/03/2023,Ondo,76,23,4,NCDC_Situation_Report,Lassa fever,
2023,10,06/03/2023,Edo,109,23,4,NCDC_Situation_Report,Lassa fever,
2023,10,06/03/2023,Bauchi,49,6,2,NCDC_Situation_Report,Lassa fever,
2023,10,06/03/2023,Taraba,5,2,1,NCDC_Situation_Report,Lassa fever,
2023,10,06/03/2023,Ebonyi,14,9,5,NCDC_Situation_Report,Lassa fever,
2023,10,06/03/2023,Benue,8,0,,NCDC_Situation_Report,Lassa fever,
2023,10,06/03/2023,Nasarawa,1,0,,NCDC_Situation_Report,Lassa fever,
2023,10,06/03/2023,Plateau,1,1,,NCDC_Situation_Report,Lassa fever,
2023,10,06/03/2023,Kogi,1,1,,NCDC_Situation_Report,Lassa fever,
2023,10,06/03/2023,Gombe,1,0,,NCDC_Situation_Report,Lassa fever,
2023,10,06/03/2023,Jigawa,3,1,,NCDC_Situation_Report,Lassa fever,
2023,10,06/03/2023,Oyo,5,2,1,NCDC_Situation_Report,Lassa fever,
2023,10,06/03/2023,Enugu,1,0,,NCDC_Situation_Report,Lassa fever,
2023,10,06/03/2023,Bayelsa,7,1,,NCDC_Situation_Report,Lassa fever,
2023,10,06/03/2023,FCT,1,0,,NCDC_Situation_Report,Lassa fever,
2023,10,06/03/2023,Delta,1,0,,NCDC_Situation_Report,Lassa fever,
2023,10,06/03/2023,Cross River,4,1,,NCDC_Situation_Report,Lassa fever,
2023,10,06/03/2023,Borno,1,0,,NCDC_Situation_Report,Lassa fever,
2023,10,06/03/2023,Abia,1,0,,NCDC_Situation_Report,Lassa fever,
2023,10,06/03/2023,Osun,1,0,,NCDC_Situation_Report,Lassa fever,
2023,11,13/03/2023,Ondo,46,5,4,NCDC_Situation_Report,Lassa fever,
2023,11,13/03/2023,Edo,106,12,2,NCDC_Situation_Report,Lassa fever,
2023,11,13/03/2023,Bauchi,31,7,4,NCDC_Situation_Report,Lassa fever,
2023,11,13/03/2023,Taraba,9,3,1,NCDC_Situation_Report,Lassa fever,
2023,11,13/03/2023,Ebonyi,17,3,3,NCDC_Situation_Report,Lassa fever,
2023,11,13/03/2023,Benue,28,4,,NCDC_Situation_Report,Lassa fever,
2023,11,13/03/2023,Plateau,5,2,,NCDC_Situation_Report,Lassa fever,
2023,11,13/03/2023,Nasarawa,8,1,,NCDC_Situation_Report,Lassa fever,
2023,11,13/03/2023,Kogi,2,0,,NCDC_Situation_Report,Lassa fever,
2023,11,13/03/2023,Gombe,2,0,,NCDC_Situation_Report,Lassa fever,
2023,11,13/03/2023,Kano,1,0,,NCDC_Situation_Report,Lassa fever,
2023,11,13/03/2023,Jigawa,2,0,,NCDC_Situation_Report,Lassa fever,
2023,11,13/03/2023,Bayelsa,6,0,,NCDC_Situation_Report,Lassa fever,
2023,11,13/03/2023,Cross River,3,0,,NCDC_Situation_Report,Lassa fever,
2023,11,13/03/2023,Rivers,1,1,,NCDC_Situation_Report,Lassa fever,
2023,11,13/03/2023,Yobe,1,0,,NCDC_Situation_Report,Lassa fever,
