year,month,week,states,suspected,confirmed,probable,hcw,deaths
25,8,32,Bauchi,4.0,2.0,,,
25,8,32,Edo,51.0,4.0,,,
25,8,32,FCT,1.0,,,,
25,8,32,Gombe,2.0,,,,
25,8,32,Jigawa,1.0,,,,
25,8,32,Ondo,26.0,6.0,,,3.0
25,8,32,Oyo,1.0,,,,
25,8,32,Total,86.0,12.0,,,3.0
25,8,31,Anambra,1.0,,,,
25,8,31,Bauchi,6.0,,,,
25,8,31,Cross River,1.0,,,,
25,8,31,Delta,1.0,,,,
25,8,31,Ebonyi,1.0,,,,
25,8,31,Edo,45.0,1.0,,,
25,8,31,FCT,1.0,,,,
25,8,31,Kwara,1.0,,,,
25,8,31,Lagos,1.0,,,,
25,8,31,Ogun,1.0,,,,
25,8,31,Ondo,35.0,7.0,,,
25,8,31,Taraba,2.0,1.0,,,1.0
25,8,31,Total,96.0,9.0,,,1.0
25,7,30,Ebonyi,2.0,,,,
25,7,30,Edo,43.0,2.0,,,
25,7,30,Enugu,3.0,,,,
25,7,30,Kaduna,1.0,,,,
25,7,30,Kano,3.0,,,,
25,7,30,Lagos,1.0,,,,
25,7,30,Ondo,37.0,1.0,,1.0,
25,7,30,Taraba,1.0,,,,
25,7,30,Total,91.0,3.0,,,
25,7,29,Abia,2.0,,,,
25,7,29,Delta,4.0,,,,
25,7,29,Ebonyi,5.0,,,,
25,7,29,Edo,52.0,4.0,,,
25,7,29,Ekiti,1.0,,,,
25,7,29,Kogi,1.0,,,,
25,7,29,Nasarawa,3.0,,,,
25,7,29,Ogun,2.0,,,,
25,7,29,Ondo,49.0,7.0,,,3.0
25,7,29,Oyo,1.0,,,,
25,7,29,Total,120.0,11.0,,,3.0
25,7,28,Benue,81.0,3.0,,,
25,7,28,Ebonyi,3.0,,,,
25,7,28,Edo,78.0,1.0,,,
25,7,28,Ekiti,1.0,,,,
25,7,28,Enugu,4.0,,,,
25,7,28,FCT,1.0,,,,
25,7,28,Lagos,2.0,,,,
25,7,28,Nasarawa,43.0,,,,
25,7,28,Ondo,50.0,7.0,,,1.0
25,7,28,Taraba,2.0,,,,
25,7,28,Total,265.0,11.0,,,1.0
25,7,27,Anambra,1.0,,,,
25,7,27,Cross River,1.0,,,,
25,7,27,Delta,1.0,,,,
25,7,27,Ebonyi,3.0,1.0,,,1.0
25,7,27,Edo,71.0,1.0,,,
25,7,27,Ekiti,1.0,,,,
25,7,27,Enugu,1.0,1.0,,,
25,7,27,Kaduna,1.0,1.0,,,1.0
25,7,27,Kano,5.0,,,,
25,7,27,Lagos,2.0,1.0,,,
25,7,27,Nasarawa,3.0,,,,
25,7,27,Ogun,1.0,,,,
25,7,27,Ondo,58.0,6.0,,,1.0
25,7,27,Total,149.0,11.0,,,3.0
25,6,26,Abia,1.0,,,,
25,6,26,Bauchi,1.0,,,,
25,6,26,Cross River,1.0,,,,
25,6,26,Delta,1.0,,,,
25,6,26,Ebonyi,2.0,,,,
25,6,26,Edo,86.0,3.0,,,2.0
25,6,26,Jigawa,2.0,,,,
25,6,26,Kaduna,2.0,,,,
25,6,26,Kogi,2.0,,,,
25,6,26,Kwara,1.0,,,,
25,6,26,Nasarawa,3.0,,,,
25,6,26,Ondo,42.0,6.0,,,1.0
25,6,26,Oyo,3.0,,,,
25,6,26,Taraba,1.0,,,,
25,6,26,Total,148.0,9.0,,,3.0
25,6,25,Anambra,1.0,,,,
25,6,25,Bauchi,4.0,,,,
25,6,25,Bayelsa,1.0,,,,
25,6,25,Delta,1.0,,,,
25,6,25,Ebonyi,3.0,,,,
25,6,25,Edo,93.0,4.0,,,
25,6,25,Ekiti,1.0,,,,
25,6,25,Gombe,16.0,,,,
25,6,25,Kogi,1.0,,,,
25,6,25,Kwara,1.0,,,,
25,6,25,Nasarawa,2.0,,,,
25,6,25,Ondo,72.0,6.0,,,
25,6,25,Oyo,1.0,,,,
25,6,25,Total,197.0,10.0,,,
25,6,24,Abia,1.0,,,,
25,6,24,Cross River,1.0,,,,
25,6,24,Delta,1.0,,,,
25,6,24,Ebonyi,5.0,1.0,,,1.0
25,6,24,Edo,80.0,3.0,,,1.0
25,6,24,Kogi,1.0,,,,
25,6,24,Ondo,44.0,2.0,,,
25,6,24,Rivers,1.0,,,,
25,6,24,Taraba,4.0,2.0,,,
25,6,24,Total,138.0,8.0,,,2.0
25,6,23,Anambra,2.0,,,,
25,6,23,Bauchi,8.0,1.0,,,
25,6,23,Borno,1.0,,,,
25,6,23,Ebonyi,2.0,,,,
25,6,23,Edo,70.0,3.0,,1.0,
25,6,23,Ekiti,1.0,,,,
25,6,23,Gombe,1.0,,,,
25,6,23,Ondo,56.0,6.0,,,
25,6,23,Osun,1.0,,,,
25,6,23,Taraba,4.0,1.0,,,1.0
25,6,23,Total,146.0,11.0,,1.0,1.0
25,5,22,Bauchi,12.0,1.0,,,
25,5,22,Bayelsa,1.0,,,,
25,5,22,Edo,55.0,1.0,,,
25,5,22,Gombe,1.0,,,,
25,5,22,Nasarawa,3.0,1.0,,,
25,5,22,Ondo,83.0,5.0,,,
25,5,22,Total,155.0,8.0,,,
25,5,21,Abia,2.0,,,,
25,5,21,Bauchi,8.0,2.0,,,
25,5,21,Cross River,1.0,,,,
25,5,21,Delta,1.0,,,,
25,5,21,Ebonyi,3.0,,,,
25,5,21,Edo,58.0,,,,
25,5,21,Enugu,1.0,,,,
25,5,21,FCT,1.0,,,,
25,5,21,Kogi,1.0,,,,
25,5,21,Nasarawa,1.0,,,,
25,5,21,Ondo,47.0,4.0,,,
25,5,21,Total,124.0,6.0,,,
25,5,20,Bauchi,12.0,3.0,,,1.0
25,5,20,Benue,3.0,,,,
25,5,20,Ebonyi,2.0,,,,
25,5,20,Edo,60.0,6.0,,,
25,5,20,Ekiti,3.0,,,,
25,5,20,Kogi,2.0,,,,
25,5,20,Lagos,1.0,,,,
25,5,20,Ondo,67.0,4.0,,,
25,5,20,Plateau,1.0,,,,
25,5,20,Rivers,4.0,,,,
25,5,20,Total,155.0,13.0,,,1.0
25,5,19,Abia,2.0,,,,
25,5,19,Anambra,1.0,,,,
25,5,19,Benue,2.0,1.0,,,
25,5,19,Edo,38.0,1.0,,,1.0
25,5,19,Ekiti,3.0,,,,
25,5,19,Enugu,1.0,,,,
25,5,19,Ondo,35.0,1.0,,,1.0
25,5,19,Total,82.0,3.0,,,2.0
25,5,18,Bauchi,15.0,1.0,,,1.0
25,5,18,Benue,6.0,1.0,,,1.0
25,5,18,Ebonyi,21.0,,,,
25,5,18,Edo,51.0,4.0,,,1.0
25,5,18,Kaduna,1.0,,,,
25,5,18,Kano,1.0,,,,
25,5,18,Katsina,1.0,,,,
25,5,18,Ondo,103.0,4.0,,,
25,5,18,Plateau,9.0,,,,
25,5,18,Rivers,1.0,,,,
25,5,18,Total,209.0,10.0,,,3.0
25,4,17,Anambra,2.0,,,,
25,4,17,Bauchi,25.0,3.0,,,1.0
25,4,17,Borno,1.0,,,,
25,4,17,Delta,1.0,,,,
25,4,17,Ebonyi,15.0,,,,
25,4,17,Edo,47.0,2.0,,1.0,1.0
25,4,17,Enugu,1.0,,,,
25,4,17,Kaduna,1.0,,,,
25,4,17,Kogi,1.0,,,,
25,4,17,Nasarawa,2.0,,,,
25,4,17,Ondo,49.0,4.0,,,
25,4,17,Rivers,1.0,,,,
25,4,17,Taraba,14.0,2.0,,,1.0
25,4,17,Total,160.0,11.0,,1.0,3.0
25,4,16,Bauchi,16.0,2.0,,,2.0
25,4,16,Ebonyi,48.0,,,,
25,4,16,Edo,53.0,,,,
25,4,16,Gombe,5.0,,,,
25,4,16,Imo,1.0,,,,
25,4,16,Nasarawa,1.0,,,,
25,4,16,Ogun,1.0,,,,
25,4,16,Ondo,114.0,2.0,,,1.0
25,4,16,Plateau,1.0,,,,
25,4,16,Taraba,18.0,6.0,,,2.0
25,4,16,Total,258.0,10.0,,,3.0
25,4,15,Adamawa,1.0,,,,
25,4,15,Anambra,1.0,,,,
25,4,15,Bauchi,30.0,3.0,,,
25,4,15,Benue,1.0,,,,
25,4,15,Delta,1.0,,,,
25,4,15,Ebonyi,28.0,,,,
25,4,15,Edo,45.0,1.0,,,
25,4,15,Ekiti,3.0,,,,
25,4,15,Gombe,1.0,1.0,,,
25,4,15,Kogi,1.0,,,,
25,4,15,Lagos,1.0,,,,
25,4,15,Nasarawa,2.0,,,,
25,4,15,Ondo,104.0,5.0,,,1.0
25,4,15,Plateau,1.0,,,,
25,4,15,Taraba,10.0,2.0,,1.0,
25,4,15,Total,231.0,12.0,,1.0,1.0
25,4,15,Yobe,1.0,,,,
25,4,14,Adamawa,1.0,,,,
25,4,14,Bauchi,39.0,5.0,,,
25,4,14,Benue,1.0,,,,
25,4,14,Cross River,1.0,,,,
25,4,14,Ebonyi,16.0,1.0,,,2.0
25,4,14,Edo,55.0,2.0,,,1.0
25,4,14,Ekiti,1.0,,,,
25,4,14,Enugu,1.0,,,,
25,4,14,FCT,1.0,,,,
25,4,14,Gombe,5.0,1.0,,,1.0
25,4,14,Nasarawa,6.0,,,,
25,4,14,Ogun,1.0,,,,
25,4,14,Ondo,102.0,5.0,,,1.0
25,4,14,Plateau,4.0,,,,
25,4,14,Rivers,1.0,,,,
25,4,14,Taraba,11.0,1.0,,,
25,4,14,Total,246.0,15.0,,,5.0
25,3,13,Abia,1.0,,,,
25,3,13,Akwa Ibom,1.0,,,,
25,3,13,Anambra,2.0,,,,
25,3,13,Bauchi,31.0,5.0,,,
25,3,13,Benue,21.0,,,,
25,3,13,Delta,3.0,,,,
25,3,13,Ebonyi,5.0,1.0,,,
25,3,13,Edo,66.0,,,,
25,3,13,Ekiti,4.0,,,,
25,3,13,Enugu,2.0,,,,
25,3,13,Gombe,3.0,,,,
25,3,13,Kaduna,1.0,,,,
25,3,13,Kano,1.0,,,,
25,3,13,Kogi,1.0,,,,
25,3,13,Nasarawa,3.0,1.0,,,1.0
25,3,13,Ogun,4.0,,,,
25,3,13,Ondo,145.0,5.0,,,2.0
25,3,13,Osun,1.0,,,,
25,3,13,Plateau,2.0,,,,
25,3,13,Rivers,5.0,,,,
25,3,13,Taraba,13.0,2.0,,,
25,3,13,Total,315.0,14.0,,,3.0
25,3,12,Anambra,1.0,,,,
25,3,12,Bauchi,41.0,14.0,,,
25,3,12,Benue,13.0,4.0,,1.0,1.0
25,3,12,Borno,1.0,1.0,,,
25,3,12,Ebonyi,7.0,,,,
25,3,12,Edo,72.0,3.0,,,1.0
25,3,12,Ekiti,4.0,,,,
25,3,12,Enugu,1.0,,,,
25,3,12,FCT,2.0,,,,
25,3,12,Gombe,5.0,1.0,,,
25,3,12,Kaduna,1.0,,,,
25,3,12,Kwara,2.0,,,,
25,3,12,Lagos,1.0,,,,
25,3,12,Nasarawa,5.0,,,,
25,3,12,Niger,1.0,,,,
25,3,12,Ogun,2.0,1.0,,,1.0
25,3,12,Ondo,52.0,7.0,,,1.0
25,3,12,Oyo,1.0,,,,
25,3,12,Plateau,11.0,3.0,1.0,,1.0
25,3,12,Taraba,19.0,7.0,,,1.0
25,3,12,Total,242.0,41.0,1.0,1.0,6.0
25,3,11,Abia,1.0,,,,
25,3,11,Anambra,1.0,,,,
25,3,11,Bauchi,41.0,8.0,,,1.0
25,3,11,Cross River,10.0,,,,
25,3,11,Ebonyi,10.0,2.0,,1.0,1.0
25,3,11,Edo,56.0,4.0,,,
25,3,11,Ekiti,1.0,,,,
25,3,11,Enugu,4.0,2.0,,,1.0
25,3,11,FCT,2.0,1.0,,1.0,
25,3,11,Gombe,2.0,,,,
25,3,11,Kaduna,7.0,3.0,,,2.0
25,3,11,Katsina,1.0,,,,
25,3,11,Kogi,1.0,,,,
25,3,11,Kwara,1.0,,,,
25,3,11,Lagos,1.0,,,,
25,3,11,Nasarawa,4.0,1.0,,,
25,3,11,Ogun,3.0,,,,
25,3,11,Ondo,84.0,7.0,,,1.0
25,3,11,Oyo,5.0,,,,
25,3,11,Plateau,1.0,,,,
25,3,11,Taraba,25.0,12.0,,,4.0
25,3,11,Total,262.0,40.0,,2.0,10.0
25,3,11,Yobe,1.0,,,,
25,3,10,Abia,2.0,,,,
25,3,10,Anambra,2.0,1.0,,,
25,3,10,Bauchi,53.0,11.0,,,1.0
25,3,10,Benue,1.0,,1.0,,
25,3,10,Borno,2.0,,,,
25,3,10,Delta,1.0,1.0,,,1.0
25,3,10,Ebonyi,10.0,,,,
25,3,10,Edo,89.0,5.0,,,
25,3,10,Enugu,1.0,,,,
25,3,10,Gombe,6.0,,,,
25,3,10,Kano,3.0,,,,
25,3,10,Kogi,3.0,1.0,,,
25,3,10,Nasarawa,4.0,,,,
25,3,10,Ondo,47.0,7.0,,,
25,3,10,Oyo,1.0,,,,
25,3,10,Plateau,3.0,1.0,,,1.0
25,3,10,Taraba,3.0,1.0,,,
25,3,10,Total,232.0,28.0,1.0,,3.0
25,3,10,Yobe,1.0,,,,
25,3,9,Bauchi,48.0,6.0,,,
25,3,9,Cross River,9.0,1.0,,,
25,3,9,Ebonyi,4.0,2.0,,,1.0
25,3,9,Edo,69.0,5.0,,,1.0
25,3,9,Ekiti,2.0,,,,
25,3,9,Enugu,2.0,1.0,,,
25,3,9,Gombe,4.0,,,,
25,3,9,Imo,1.0,,,,
25,3,9,Jigawa,1.0,,,,
25,3,9,Kano,1.0,,,,
25,3,9,Kogi,1.0,,,,
25,3,9,Lagos,1.0,,,,
25,3,9,Nasarawa,2.0,1.0,,,1.0
25,3,9,Ondo,62.0,8.0,,,
25,3,9,Oyo,1.0,,,,
25,3,9,Plateau,4.0,2.0,,,1.0
25,3,9,Taraba,23.0,3.0,,1.0,1.0
25,3,9,Total,236.0,29.0,,1.0,5.0
25,3,9,Yobe,1.0,,,,
25,2,8,Abia,1.0,,,,
25,2,8,Akwa Ibom,1.0,,,,
25,2,8,Bauchi,76.0,22.0,,1.0,1.0
25,2,8,Benue,4.0,2.0,,,2.0
25,2,8,Borno,1.0,,,,
25,2,8,Cross River,2.0,,,,
25,2,8,Delta,3.0,,,,
25,2,8,Ebonyi,9.0,2.0,,,
25,2,8,Edo,109.0,8.0,,,1.0
25,2,8,Ekiti,1.0,,,,
25,2,8,Enugu,1.0,,,,
25,2,8,FCT,1.0,,,,
25,2,8,Gombe,3.0,,,,
25,2,8,Kogi,5.0,1.0,,,
25,2,8,Nasarawa,4.0,,,,
25,2,8,Ondo,80.0,10.0,,,
25,2,8,Plateau,3.0,2.0,,,
25,2,8,Taraba,10.0,7.0,,,2.0
25,2,8,Total,314.0,54.0,,1.0,6.0
25,2,7,Adamawa,2.0,,,,
25,2,7,Anambra,1.0,,,,
25,2,7,Bauchi,76.0,14.0,,,2.0
25,2,7,Bayelsa,1.0,,,,
25,2,7,Cross River,3.0,1.0,,,1.0
25,2,7,Delta,1.0,,,,
25,2,7,Ebonyi,7.0,,,,
25,2,7,Edo,73.0,4.0,,,1.0
25,2,7,Enugu,1.0,,,,
25,2,7,FCT,1.0,,,,
25,2,7,Gombe,3.0,,,,
25,2,7,Kaduna,2.0,,,,
25,2,7,Kano,1.0,,,,
25,2,7,Kogi,4.0,1.0,,,
25,2,7,Nasarawa,6.0,,,,
25,2,7,Niger,1.0,,,,
25,2,7,Ondo,48.0,8.0,,,1.0
25,2,7,Oyo,2.0,,,,
25,2,7,Plateau,9.0,2.0,,,1.0
25,2,7,Taraba,25.0,8.0,,,3.0
25,2,7,Total,267.0,38.0,,,9.0
25,2,6,Adamawa,1.0,,,,
25,2,6,Bauchi,62.0,23.0,1.0,3.0,1.0
25,2,6,Benue,5.0,3.0,3.0,,1.0
25,2,6,Borno,1.0,,,,
25,2,6,Delta,4.0,,,,
25,2,6,Ebonyi,5.0,1.0,,,1.0
25,2,6,Edo,122.0,5.0,,,1.0
25,2,6,Ekiti,3.0,,,,
25,2,6,Enugu,1.0,,,,
25,2,6,Gombe,7.0,3.0,,1.0,1.0
25,2,6,Kaduna,3.0,,,,
25,2,6,Kogi,20.0,2.0,,,
25,2,6,Lagos,5.0,,,,
25,2,6,Ondo,97.0,9.0,,,3.0
25,2,6,Oyo,4.0,,,,
25,2,6,Plateau,1.0,,,,
25,2,6,Rivers,1.0,,,,
25,2,6,Taraba,21.0,8.0,,,2.0
25,2,6,Total,363.0,54.0,4.0,4.0,10.0
25,2,5,Abia,1.0,,,,
25,2,5,Adamawa,1.0,,,,
25,2,5,Bauchi,57.0,14.0,,,1.0
25,2,5,Delta,2.0,,,,
25,2,5,Ebonyi,7.0,2.0,,,2.0
25,2,5,Edo,134.0,10.0,,1.0,1.0
25,2,5,Ekiti,1.0,,,,
25,2,5,Enugu,1.0,,,,
25,2,5,Gombe,7.0,3.0,1.0,,1.0
25,2,5,Kogi,14.0,5.0,,,2.0
25,2,5,Nasarawa,2.0,,,,
25,2,5,Ondo,127.0,26.0,,2.0,7.0
25,2,5,Oyo,5.0,,,,
25,2,5,Plateau,3.0,,,,
25,2,5,Taraba,17.0,8.0,,,3.0
25,2,5,Total,379.0,68.0,1.0,3.0,17.0
25,1,4,Adamawa,2.0,,,,
25,1,4,Bauchi,51.0,14.0,,,1.0
25,1,4,Benue,17.0,,,,
25,1,4,Cross River,3.0,,,,
25,1,4,Delta,2.0,,,,
25,1,4,Ebonyi,10.0,3.0,,,1.0
25,1,4,Edo,92.0,14.0,,,
25,1,4,Enugu,2.0,,,,
25,1,4,Gombe,8.0,1.0,,,1.0
25,1,4,Kaduna,2.0,,,,
25,1,4,Kogi,6.0,1.0,,,
25,1,4,Lagos,1.0,,,,
25,1,4,Nasarawa,10.0,1.0,,,1.0
25,1,4,Ondo,78.0,25.0,,,2.0
25,1,4,Oyo,1.0,,,,
25,1,4,Plateau,3.0,,,,
25,1,4,Taraba,40.0,17.0,,,6.0
25,1,4,Total,328.0,76.0,,,12.0
25,1,3,Abia,1.0,,,,
25,1,3,Adamawa,1.0,,,,
25,1,3,Anambra,2.0,,,,
25,1,3,Bauchi,51.0,11.0,,,2.0
25,1,3,Bayelsa,1.0,,,,
25,1,3,Delta,2.0,1.0,,,1.0
25,1,3,Ebonyi,11.0,2.0,,,1.0
25,1,3,Edo,121.0,16.0,,,4.0
25,1,3,Enugu,1.0,,,,
25,1,3,FCT,1.0,,,,
25,1,3,Gombe,3.0,1.0,,,2.0
25,1,3,Imo,3.0,,,,
25,1,3,Kogi,3.0,1.0,1.0,,1.0
25,1,3,Nasarawa,19.0,1.0,,,1.0
25,1,3,Ogun,2.0,,,,
25,1,3,Ondo,109.0,27.0,,,2.0
25,1,3,Oyo,1.0,,,,
25,1,3,Plateau,4.0,3.0,,,1.0
25,1,3,Rivers,3.0,,,,
25,1,3,Taraba,21.0,8.0,,,3.0
25,1,3,Total,359.0,71.0,1.0,,17.0
25,1,2,Anambra,1.0,,,,
25,1,2,Bauchi,49.0,9.0,,,
25,1,2,Bayelsa,1.0,,,,
25,1,2,Ebonyi,12.0,1.0,,,2.0
25,1,2,Edo,82.0,23.0,,,4.0
25,1,2,FCT,2.0,,,,
25,1,2,Gombe,7.0,3.0,,1.0,1.0
25,1,2,Kaduna,4.0,,,,
25,1,2,Kano,2.0,,,,
25,1,2,Kogi,5.0,2.0,,,
25,1,2,Lagos,1.0,,,,
25,1,2,Nasarawa,1.0,,,,
25,1,2,Ondo,90.0,36.0,,,2.0
25,1,2,Oyo,1.0,,,,
25,1,2,Plateau,1.0,,,,
25,1,2,Taraba,31.0,15.0,,,3.0
25,1,2,Total,290.0,89.0,,1.0,12.0
25,1,1,Anambra,1.0,,,,
25,1,1,Bauchi,54.0,15.0,,,2.0
25,1,1,Cross River,2.0,,,,
25,1,1,Ebonyi,7.0,3.0,,,
25,1,1,Edo,64.0,8.0,,,1.0
25,1,1,Enugu,1.0,,,,
25,1,1,Kogi,1.0,1.0,,,
25,1,1,Nasarawa,2.0,,,,
25,1,1,Ondo,52.0,19.0,,,4.0
25,1,1,Taraba,12.0,8.0,,,3.0
25,1,1,Total,196.0,54.0,,,10.0
24,12,52,Adamawa,1.0,,,,
24,12,52,Bauchi,49.0,13.0,3.0,,6.0
24,12,52,Bayelsa,1.0,,,,
24,12,52,Borno,1.0,,,,
24,12,52,Delta,1.0,,,,
24,12,52,Ebonyi,6.0,3.0,,,1.0
24,12,52,Edo,62.0,16.0,,,2.0
24,12,52,Ekiti,1.0,,,,
24,12,52,Enugu,3.0,2.0,,,
24,12,52,FCT,1.0,,,,
24,12,52,Kogi,1.0,,,,
24,12,52,Lagos,1.0,,,,
24,12,52,Nasarawa,1.0,,,,
24,12,52,Ondo,76.0,28.0,,,1.0
24,12,52,Plateau,1.0,1.0,,,
24,12,52,Taraba,20.0,7.0,,,1.0
24,12,52,Total,226.0,70.0,3.0,,11.0
24,12,51,Abia,1.0,,,,
24,12,51,Bauchi,55.0,24.0,,,7.0
24,12,51,Bayelsa,1.0,,,,
24,12,51,Cross River,1.0,,,,
24,12,51,Delta,1.0,,,,
24,12,51,Ebonyi,10.0,2.0,,,2.0
24,12,51,Edo,34.0,5.0,,,
24,12,51,Enugu,3.0,1.0,,,
24,12,51,FCT,1.0,,,,
24,12,51,Gombe,2.0,,,,
24,12,51,Kogi,2.0,1.0,,,
24,12,51,Lagos,1.0,,,,
24,12,51,Ondo,69.0,13.0,,,1.0
24,12,51,Plateau,2.0,2.0,,,
24,12,51,Taraba,4.0,2.0,,,1.0
24,12,51,Total,187.0,50.0,,,11.0
24,12,50,Akwa Ibom,1.0,,,,
24,12,50,Anambra,1.0,,,,
24,12,50,Bauchi,45.0,10.0,,,
24,12,50,Delta,1.0,,,,
24,12,50,Ebonyi,5.0,1.0,,,
24,12,50,Edo,53.0,4.0,,,
24,12,50,Enugu,2.0,,,,
24,12,50,FCT,1.0,,,,
24,12,50,Gombe,1.0,,,,
24,12,50,Kogi,2.0,1.0,,,
24,12,50,Lagos,1.0,,,,
24,12,50,Nasarawa,2.0,,,,
24,12,50,Ogun,2.0,,,,
24,12,50,Ondo,69.0,16.0,,,1.0
24,12,50,Oyo,1.0,,,,
24,12,50,Plateau,1.0,,,,
24,12,50,Taraba,5.0,1.0,,,
24,12,50,Total,193.0,33.0,,,1.0
24,12,49,Adamawa,2.0,1.0,,,
24,12,49,Bauchi,41.0,16.0,,,6.0
24,12,49,Ebonyi,3.0,,,,
24,12,49,Edo,46.0,5.0,,,
24,12,49,Ekiti,1.0,,,,
24,12,49,Enugu,1.0,1.0,,,
24,12,49,Gombe,2.0,,,,
24,12,49,Kogi,2.0,,,,
24,12,49,Lagos,2.0,,,,
24,12,49,Nasarawa,1.0,,,,
24,12,49,Ondo,47.0,15.0,,,
24,12,49,Oyo,1.0,,,,
24,12,49,Plateau,1.0,,,,
24,12,49,Sokoto,3.0,,,,
24,12,49,Taraba,2.0,1.0,,,
24,12,49,Total,157.0,39.0,,,6.0
24,12,49,Yobe,2.0,,,,
24,11,48,Anambra,1.0,,,,
24,11,48,Bauchi,25.0,13.0,3.0,,4.0
24,11,48,Cross River,1.0,,,,
24,11,48,Delta,2.0,,,,
24,11,48,Ebonyi,3.0,1.0,,,
24,11,48,Edo,47.0,3.0,,,
24,11,48,Enugu,3.0,,,,
24,11,48,Gombe,3.0,1.0,,,
24,11,48,Kogi,1.0,,,,
24,11,48,Ondo,50.0,8.0,,,1.0
24,11,48,Oyo,1.0,,,,
24,11,48,Plateau,2.0,,,,
24,11,48,Total,140.0,26.0,3.0,,5.0
24,11,48,Yobe,1.0,,,,
24,11,47,Anambra,1.0,,,,
24,11,47,Bauchi,11.0,5.0,,,1.0
24,11,47,Ebonyi,5.0,,,,
24,11,47,Edo,47.0,3.0,,,
24,11,47,Enugu,1.0,1.0,,,
24,11,47,Gombe,9.0,,,,
24,11,47,Kogi,1.0,,,,
24,11,47,Nasarawa,1.0,,,,
24,11,47,Ogun,1.0,,,,
24,11,47,Ondo,33.0,3.0,,,3.0
24,11,47,Taraba,3.0,,,,
24,11,47,Total,113.0,12.0,,,4.0
24,11,46,Abia,1.0,,,,
24,11,46,Adamawa,1.0,,,,
24,11,46,Anambra,2.0,,,,
24,11,46,Bauchi,10.0,,,,
24,11,46,Delta,1.0,,,,
24,11,46,Ebonyi,3.0,,,,
24,11,46,Edo,46.0,,,,
24,11,46,Enugu,2.0,,,,
24,11,46,FCT,3.0,,,,
24,11,46,Gombe,3.0,,,,
24,11,46,Kaduna,1.0,,,,
24,11,46,Kano,1.0,,,,
24,11,46,Kebbi,1.0,,,,
24,11,46,Kogi,4.0,1.0,,,
24,11,46,Lagos,1.0,,,,
24,11,46,Ondo,41.0,7.0,,,
24,11,46,Taraba,1.0,,,,
24,11,46,Total,123.0,8.0,,,
24,11,46,Yobe,1.0,,,,
24,11,45,Abia,1.0,,,,
24,11,45,Bauchi,9.0,,,,
24,11,45,Edo,40.0,4.0,,,
24,11,45,Enugu,7.0,1.0,,,
24,11,45,Gombe,5.0,,,,
24,11,45,Jigawa,1.0,,,,
24,11,45,Kaduna,2.0,,,,
24,11,45,Kogi,1.0,,,,
24,11,45,Nasarawa,2.0,,,,
24,11,45,Ogun,1.0,,,,
24,11,45,Ondo,38.0,5.0,,,
24,11,45,Plateau,1.0,,,,
24,11,45,Taraba,1.0,,,,
24,11,45,Total,109.0,10.0,,,
24,10,44,Bauchi,9.0,1.0,,,
24,10,44,Edo,36.0,,,,
24,10,44,FCT,1.0,,,,
24,10,44,Gombe,1.0,,,,
24,10,44,Ondo,21.0,3.0,,,
24,10,44,Rivers,1.0,,,,
24,10,44,Total,70.0,4.0,,,
24,10,44,Yobe,1.0,,,,
24,10,43,Anambra,1.0,,,,
24,10,43,Bauchi,2.0,,,,
24,10,43,Cross River,1.0,1.0,,,1.0
24,10,43,Ebonyi,2.0,,,,
24,10,43,Edo,44.0,1.0,,,
24,10,43,Gombe,1.0,,,,
24,10,43,Kogi,4.0,,,,
24,10,43,Lagos,1.0,,,,
24,10,43,Ogun,1.0,,,,
24,10,43,Ondo,38.0,6.0,,,
24,10,43,Taraba,4.0,,,,
24,10,43,Total,99.0,8.0,,,1.0
24,10,42,Bauchi,3.0,,,,
24,10,42,Delta,2.0,,,,
24,10,42,Edo,62.0,5.0,,,
24,10,42,Gombe,1.0,,,,
24,10,42,Kogi,1.0,,,,
24,10,42,Nasarawa,1.0,,,,
24,10,42,Ondo,38.0,6.0,,,
24,10,42,Plateau,1.0,1.0,,,
24,10,42,Taraba,3.0,,,,
24,10,42,Total,112.0,12.0,,,
24,10,41,Bauchi,10.0,,,,
24,10,41,Benue,2.0,1.0,,,
24,10,41,Borno,1.0,,,,
24,10,41,Cross River,1.0,,,,
24,10,41,Delta,1.0,,,,
24,10,41,Ebonyi,1.0,,,,
24,10,41,Edo,35.0,3.0,,,
24,10,41,Enugu,2.0,,,,
24,10,41,FCT,2.0,,,,
24,10,41,Gombe,1.0,,,,
24,10,41,Kano,1.0,,,,
24,10,41,Kebbi,1.0,,,,
24,10,41,Lagos,1.0,,,,
24,10,41,Nasarawa,1.0,,,,
24,10,41,Ondo,22.0,5.0,,,
24,10,41,Taraba,2.0,1.0,,,
24,10,41,Total,85.0,10.0,,,
24,10,41,Yobe,1.0,,,,
24,10,40,Abia,1.0,,,,
24,10,40,Anambra,1.0,,,,
24,10,40,Bauchi,4.0,,,,
24,10,40,Delta,1.0,,,,
24,10,40,Ebonyi,3.0,,,,
24,10,40,Edo,25.0,2.0,,,
24,10,40,FCT,1.0,,,,
24,10,40,Kano,1.0,,,,
24,10,40,Lagos,1.0,,,,
24,10,40,Nasarawa,2.0,,,,
24,10,40,Ondo,33.0,5.0,,,2.0
24,10,40,Total,73.0,7.0,,,2.0
24,9,39,Abia,1.0,,,,
24,9,39,Bauchi,7.0,,,,
24,9,39,Delta,1.0,,,,
24,9,39,Ebonyi,2.0,,,,
24,9,39,Edo,36.0,4.0,,,
24,9,39,Ekiti,1.0,,,,
24,9,39,Imo,1.0,,,,
24,9,39,Kogi,2.0,,,,
24,9,39,Nasarawa,2.0,,,,
24,9,39,Ondo,30.0,5.0,,,1.0
24,9,39,Plateau,2.0,,,,
24,9,39,Taraba,5.0,,,,
24,9,39,Total,90.0,9.0,,,1.0
24,9,38,Bauchi,4.0,,,,
24,9,38,Ebonyi,4.0,,,,
24,9,38,Edo,27.0,2.0,,,1.0
24,9,38,Enugu,1.0,,,,
24,9,38,Imo,1.0,,,,
24,9,38,Kogi,1.0,1.0,,,
24,9,38,Nasarawa,1.0,,,,
24,9,38,Niger,2.0,,,,
24,9,38,Ondo,28.0,1.0,,,
24,9,38,Plateau,1.0,,,,
24,9,38,Total,70.0,4.0,,,1.0
24,9,37,Bauchi,6.0,,,,
24,9,37,Bayelsa,1.0,,,,
24,9,37,Benue,2.0,,,,
24,9,37,Borno,1.0,,,,
24,9,37,Delta,1.0,,,,
24,9,37,Edo,43.0,2.0,,,
24,9,37,Enugu,15.0,1.0,,,1.0
24,9,37,FCT,3.0,,,,
24,9,37,Gombe,1.0,,,,
24,9,37,Imo,1.0,,,,
24,9,37,Kaduna,1.0,,,,
24,9,37,Kogi,1.0,,,,
24,9,37,Ondo,31.0,2.0,,,
24,9,37,Plateau,1.0,,,,
24,9,37,Rivers,1.0,,,,
24,9,37,Taraba,6.0,,,,
24,9,37,Total,115.0,5.0,,,1.0
24,9,36,Anambra,1.0,,,,
24,9,36,Bauchi,5.0,3.0,,,
24,9,36,Bayelsa,1.0,,,,
24,9,36,Ebonyi,1.0,,,,
24,9,36,Edo,35.0,1.0,,,
24,9,36,Nasarawa,2.0,,,,
24,9,36,Ondo,36.0,3.0,,,
24,9,36,Oyo,1.0,,,,
24,9,36,Plateau,1.0,,,,
24,9,36,Rivers,1.0,,,,
24,9,36,Taraba,3.0,,,,
24,9,36,Total,87.0,7.0,,,
24,8,35,Bauchi,8.0,2.0,,,
24,8,35,Bayelsa,2.0,,,,
24,8,35,Ebonyi,5.0,1.0,,,1.0
24,8,35,Edo,24.0,3.0,,,
24,8,35,Ekiti,1.0,,,,
24,8,35,Enugu,2.0,,,,
24,8,35,Gombe,2.0,,,,
24,8,35,Kaduna,2.0,,,,
24,8,35,Katsina,1.0,,,,
24,8,35,Ogun,1.0,,,,
24,8,35,Ondo,27.0,5.0,,,
24,8,35,Rivers,2.0,,,,
24,8,35,Total,78.0,11.0,,,1.0
24,8,35,Zamfara,1.0,,,,
24,8,34,Anambra,2.0,,,,
24,8,34,Bauchi,10.0,1.0,,,
24,8,34,Delta,1.0,,,,
24,8,34,Ebonyi,2.0,,,,
24,8,34,Edo,28.0,1.0,,,
24,8,34,FCT,2.0,,,,
24,8,34,Imo,1.0,,,,
24,8,34,Kaduna,3.0,,,,
24,8,34,Kogi,1.0,,,,
24,8,34,Lagos,1.0,,,,
24,8,34,Nasarawa,1.0,,,,
24,8,34,Ogun,1.0,,,,
24,8,34,Ondo,23.0,,,,
24,8,34,Plateau,1.0,,,,
24,8,34,Taraba,3.0,1.0,,,
24,8,34,Total,80.0,3.0,0.0,0.0,0.0
24,8,33,Adamawa,3.0,,,,
24,8,33,Anambra,1.0,,,,
24,8,33,Bauchi,4.0,,,,
24,8,33,Delta,1.0,,,,
24,8,33,Ebonyi,7.0,1.0,,1.0,
24,8,33,Edo,62.0,3.0,,,1.0
24,8,33,FCT,2.0,,,,
24,8,33,Gombe,1.0,,,,
24,8,33,Kogi,2.0,1.0,,,1.0
24,8,33,Nasarawa,1.0,,,,
24,8,33,Ondo,35.0,2.0,,,
24,8,33,Rivers,2.0,1.0,,,
24,8,33,Sokoto,3.0,,,,
24,8,33,Taraba,2.0,,,,
24,8,33,Total,126.0,8.0,0.0,1.0,2.0
24,8,32,Anambra,2.0,,,,
24,8,32,Bauchi,6.0,,,,
24,8,32,Cross River,1.0,,,,
24,8,32,Delta,1.0,,,,
24,8,32,Ebonyi,4.0,,,,
24,8,32,Edo,58.0,3.0,,,
24,8,32,Ekiti,1.0,,,,
24,8,32,Gombe,1.0,,,,
24,8,32,Kogi,2.0,,,,
24,8,32,Nasarawa,4.0,,,,
24,8,32,Ondo,82.0,7.0,,,
24,8,32,Oyo,1.0,,,,
24,8,32,Taraba,1.0,,,,
24,8,32,Total,164.0,10.0,,,
24,8,31,Anambra,3.0,,,,
24,8,31,Benue,2.0,,,,
24,8,31,Cross River,1.0,,,,
24,8,31,Delta,3.0,,,,
24,8,31,Ebonyi,4.0,,,,
24,8,31,Edo,56.0,1.0,,,
24,8,31,Enugu,3.0,,,,
24,8,31,Lagos,2.0,,,,
24,8,31,Ondo,9.0,2.0,,,1.0
24,8,31,Oyo,1.0,,,,
24,8,31,Taraba,1.0,,,,
24,8,31,Total,85.0,3.0,,,1.0
24,7,30,Anambra,4.0,,,,
24,7,30,Bauchi,3.0,2.0,,,
24,7,30,Benue,1.0,,,,
24,7,30,Cross River,2.0,,,,
24,7,30,Delta,2.0,,,,
24,7,30,Ebonyi,7.0,,,,
24,7,30,Edo,80.0,4.0,,,
24,7,30,Enugu,1.0,,,,
24,7,30,FCT,3.0,,,,
24,7,30,Kogi,1.0,1.0,,,
24,7,30,Nasarawa,1.0,,,,
24,7,30,Oyo,1.0,,,,
24,7,30,Rivers,1.0,,,,
24,7,30,Taraba,4.0,,,,
24,7,30,Total,111.0,7.0,0.0,0.0,0.0
24,7,29,Anambra,1.0,,,,
24,7,29,Benue,2.0,,,,
24,7,29,Delta,2.0,,,,
24,7,29,Ebonyi,4.0,,,,
24,7,29,Edo,72.0,2.0,,,
24,7,29,Ekiti,1.0,,,,
24,7,29,FCT,1.0,,,,
24,7,29,Jigawa,1.0,,,,
24,7,29,Kaduna,2.0,,,,
24,7,29,Kano,2.0,,,,
24,7,29,Kebbi,1.0,,,,
24,7,29,Kwara,1.0,,,,
24,7,29,Lagos,1.0,,,,
24,7,29,Nasarawa,1.0,,,,
24,7,29,Ondo,65.0,9.0,,,
24,7,29,Rivers,3.0,,,,
24,7,29,Total,160.0,11.0,,,
24,7,28,Akwa Ibom,2.0,,,,
24,7,28,Cross River,1.0,,,,
24,7,28,Ebonyi,10.0,,,,
24,7,28,Edo,54.0,5.0,,1.0,
24,7,28,Ekiti,1.0,,,,
24,7,28,Enugu,2.0,,,,
24,7,28,FCT,2.0,,,,
24,7,28,Kano,1.0,,,,
24,7,28,Kebbi,1.0,,,,
24,7,28,Kogi,2.0,,,,
24,7,28,Kwara,1.0,,,,
24,7,28,Ondo,46.0,2.0,,,
24,7,28,Oyo,2.0,,,,
24,7,28,Rivers,1.0,,,,
24,7,28,Total,126.0,7.0,,1.0,
24,7,27,Anambra,2.0,,,,
24,7,27,Benue,1.0,,,,
24,7,27,Delta,1.0,,,,
24,7,27,Ebonyi,4.0,1.0,,,1.0
24,7,27,Edo,50.0,1.0,,,
24,7,27,FCT,1.0,,,,
24,7,27,Kogi,2.0,,,,
24,7,27,Nasarawa,1.0,,,,
24,7,27,Ogun,1.0,,,,
24,7,27,Ondo,37.0,3.0,,,
24,7,27,Rivers,2.0,,,,
24,7,27,Total,102.0,5.0,,,1.0
24,6,26,Abia,1.0,,,,
24,6,26,Bauchi,8.0,2.0,,,
24,6,26,Bayelsa,1.0,,,,
24,6,26,Benue,1.0,,,,
24,6,26,Delta,1.0,,,,
24,6,26,Ebonyi,1.0,,,,
24,6,26,Edo,46.0,1.0,,,
24,6,26,Enugu,4.0,,,,
24,6,26,Kaduna,3.0,,,,
24,6,26,Kano,1.0,,,,
24,6,26,Katsina,1.0,,,,
24,6,26,Nasarawa,2.0,1.0,,,
24,6,26,Ondo,45.0,4.0,,,
24,6,26,Oyo,1.0,,,,
24,6,26,Plateau,1.0,,,,
24,6,26,Total,117.0,8.0,0.0,0.0,0.0
24,6,25,Bauchi,6.0,,,,
24,6,25,Bayelsa,1.0,,,,
24,6,25,Benue,3.0,,,,
24,6,25,Delta,1.0,,,,
24,6,25,Ebonyi,3.0,,,,
24,6,25,Edo,39.0,2.0,,,
24,6,25,Enugu,1.0,,,,
24,6,25,Ogun,3.0,,,,
24,6,25,Ondo,10.0,,,,
24,6,25,Oyo,1.0,,,,
24,6,25,Plateau,5.0,,,,
24,6,25,Rivers,1.0,,,,
24,6,25,Total,74.0,2.0,0.0,0.0,0.0
24,6,24,Bauchi,8.0,1.0,,,
24,6,24,Benue,2.0,1.0,,,
24,6,24,Ebonyi,5.0,,,,
24,6,24,Edo,53.0,1.0,,,
24,6,24,Ekiti,1.0,,,,
24,6,24,FCT,1.0,,,,
24,6,24,Kogi,1.0,,,,
24,6,24,Lagos,2.0,,,,
24,6,24,Ogun,1.0,,,,
24,6,24,Ondo,48.0,4.0,,,
24,6,24,Taraba,2.0,,,,
24,6,24,Total,124.0,7.0,0.0,0.0,0.0
24,6,23,Anambra,1.0,,,,
24,6,23,Bauchi,7.0,1.0,,,
24,6,23,Cross River,2.0,,,,
24,6,23,Ebonyi,1.0,,,,
24,6,23,Edo,59.0,2.0,,,
24,6,23,Ekiti,1.0,,,,
24,6,23,Imo,1.0,,,,
24,6,23,Kaduna,1.0,,,,
24,6,23,Kogi,1.0,1.0,,,
24,6,23,Ogun,1.0,,,,
24,6,23,Ondo,34.0,,,,
24,6,23,Oyo,1.0,,,,
24,6,23,Taraba,2.0,,,,
24,6,23,Total,112.0,4.0,0.0,0.0,0.0
24,5,22,Anambra,1.0,,,,
24,5,22,Bauchi,6.0,2.0,,,
24,5,22,Bayelsa,2.0,,,,
24,5,22,Benue,4.0,,,,
24,5,22,Borno,2.0,,,,
24,5,22,Cross River,1.0,,,,
24,5,22,Delta,3.0,,,,
24,5,22,Ebonyi,8.0,,,,
24,5,22,Edo,45.0,2.0,,,
24,5,22,FCT,1.0,,,,
24,5,22,Gombe,1.0,,,,
24,5,22,Kogi,4.0,1.0,,,
24,5,22,Kwara,1.0,,,,
24,5,22,Ondo,44.0,5.0,,,
24,5,22,Oyo,1.0,,,,
24,5,22,Plateau,3.0,,,,
24,5,22,Rivers,1.0,,,,
24,5,22,Total,128.0,10.0,0.0,0.0,0.0
24,5,21,Abia,1.0,,,,
24,5,21,Bauchi,9.0,3.0,,,
24,5,21,Bayelsa,1.0,,,,
24,5,21,Cross River,2.0,,,,
24,5,21,Delta,2.0,,,,
24,5,21,Ebonyi,6.0,,,,
24,5,21,Edo,51.0,2.0,,,
24,5,21,Kaduna,1.0,,,,
24,5,21,Kano,2.0,,,,
24,5,21,Lagos,1.0,,,,
24,5,21,Ondo,38.0,4.0,,,
24,5,21,Oyo,1.0,,,,
24,5,21,Plateau,3.0,1.0,,,
24,5,21,Sokoto,1.0,,,,
24,5,21,Total,119.0,10.0,0.0,0.0,0.0
24,5,20,Akwa Ibom,1.0,,,,
24,5,20,Bauchi,2.0,,,,
24,5,20,Benue,5.0,,,,
24,5,20,Ebonyi,4.0,,,,
24,5,20,Edo,52.0,2.0,,,1.0
24,5,20,FCT,2.0,,,,
24,5,20,Gombe,1.0,,,,
24,5,20,Kogi,1.0,,,,
24,5,20,Lagos,1.0,,,,
24,5,20,Ondo,47.0,2.0,,,1.0
24,5,20,Oyo,2.0,,,,
24,5,20,Taraba,1.0,,,,
24,5,20,Total,119.0,4.0,0.0,0.0,2.0
24,5,19,Adamawa,1.0,,,,
24,5,19,Anambra,3.0,,,,
24,5,19,Bauchi,7.0,2.0,,,1.0
24,5,19,Bayelsa,1.0,,,,
24,5,19,Delta,1.0,,,,
24,5,19,Ebonyi,3.0,,,,
24,5,19,Edo,46.0,3.0,,,1.0
24,5,19,Enugu,2.0,,,,
24,5,19,FCT,1.0,,,,
24,5,19,Imo,1.0,,,,
24,5,19,Jigawa,1.0,,,,
24,5,19,Kaduna,3.0,,,,
24,5,19,Kogi,3.0,,,,
24,5,19,Nasarawa,1.0,,,,
24,5,19,Ondo,35.0,9.0,,,1.0
24,5,19,Oyo,1.0,,,,
24,5,19,Plateau,7.0,,,,
24,5,19,Taraba,3.0,,,,
24,5,19,Total,120.0,14.0,0.0,0.0,3.0
24,5,18,Adamawa,1.0,,,,
24,5,18,Anambra,1.0,,,,
24,5,18,Bauchi,28.0,4.0,,,
24,5,18,Delta,3.0,,,,
24,5,18,Ebonyi,2.0,,,,
24,5,18,Edo,54.0,3.0,,,
24,5,18,Ekiti,1.0,,,,
24,5,18,FCT,1.0,,,,
24,5,18,Gombe,1.0,,,,
24,5,18,Imo,1.0,,,,
24,5,18,Kogi,1.0,,,,
24,5,18,Kwara,1.0,,,,
24,5,18,Lagos,1.0,,,,
24,5,18,Nasarawa,1.0,,,,
24,5,18,Ogun,2.0,,,,
24,5,18,Ondo,36.0,5.0,,1.0,1.0
24,5,18,Plateau,1.0,,,,
24,5,18,Taraba,7.0,,,,
24,5,18,Total,143.0,12.0,0.0,1.0,1.0
24,4,17,Abia,2.0,,,,
24,4,17,Bauchi,29.0,5.0,,,
24,4,17,Ebonyi,3.0,,,,
24,4,17,Edo,46.0,,,,
24,4,17,Ekiti,1.0,,,,
24,4,17,FCT,1.0,,,,
24,4,17,Gombe,2.0,1.0,,,1.0
24,4,17,Imo,1.0,,,,
24,4,17,Kogi,4.0,,,,
24,4,17,Lagos,3.0,,,,
24,4,17,Nasarawa,1.0,,,,
24,4,17,Ogun,1.0,,,,
24,4,17,Ondo,36.0,7.0,,,
24,4,17,Oyo,2.0,,,,
24,4,17,Taraba,2.0,1.0,,,
24,4,17,Total,135.0,14.0,0.0,0.0,1.0
24,4,17,Yobe,1.0,,,,
24,4,15,Abia,1.0,,,,
24,4,15,Anambra,1.0,,,,
24,4,15,Bauchi,34.0,6.0,,,
24,4,15,Benue,3.0,,,,
24,4,15,Cross River,1.0,,,,
24,4,15,Ebonyi,13.0,,,,
24,4,15,Edo,68.0,5.0,,,1.0
24,4,15,Enugu,1.0,,,,
24,4,15,Imo,1.0,,,,
24,4,15,Kaduna,3.0,,,,
24,4,15,Kano,2.0,,,,
24,4,15,Kogi,3.0,,,,
24,4,15,Ogun,1.0,,,,
24,4,15,Ondo,40.0,4.0,,,
24,4,15,Plateau,5.0,,,,
24,4,15,Taraba,9.0,,,,
24,4,15,Total,188.0,15.0,0.0,0.0,1.0
24,4,15,Yobe,1.0,,,,
24,4,15,Zamfara,1.0,,,,
24,4,14,Abia,1.0,,,,
24,4,14,Akwa Ibom,1.0,,,,
24,4,14,Bauchi,37.0,6.0,,,
24,4,14,Bayelsa,1.0,,,,
24,4,14,Benue,10.0,,,,
24,4,14,Cameroon,1.0,,,,
24,4,14,Cross River,1.0,,,,
24,4,14,Delta,5.0,,,,
24,4,14,Ebonyi,5.0,,,,
24,4,14,Edo,64.0,1.0,,,
24,4,14,Enugu,1.0,,,,
24,4,14,FCT,2.0,,,,
24,4,14,Imo,1.0,,,,
24,4,14,Kaduna,1.0,,,,
24,4,14,Kano,1.0,,,,
24,4,14,Kogi,3.0,,,,
24,4,14,Lagos,2.0,,,,
24,4,14,Ondo,34.0,3.0,,,
24,4,14,Oyo,1.0,,,,
24,4,14,Plateau,2.0,,,,
24,4,14,Rivers,1.0,,,,
24,4,14,Taraba,5.0,1.0,,,
24,4,14,Total,180.0,11.0,0.0,0.0,0.0
24,3,13,Abia,1.0,,,,
24,3,13,Bauchi,40.0,4.0,,,1.0
24,3,13,Benue,28.0,,,,
24,3,13,Borno,1.0,,,,
24,3,13,Cross River,3.0,,,,
24,3,13,Delta,4.0,,,,
24,3,13,Ebonyi,10.0,,,,
24,3,13,Edo,58.0,1.0,,,
24,3,13,Enugu,5.0,,,,
24,3,13,FCT,1.0,,,,
24,3,13,Jigawa,1.0,,,,
24,3,13,Kaduna,3.0,,,,
24,3,13,Katsina,1.0,,,,
24,3,13,Kebbi,2.0,,,,
24,3,13,Kogi,8.0,,,,
24,3,13,Kwara,1.0,,,,
24,3,13,Nasarawa,3.0,,,,
24,3,13,Niger,3.0,,,,
24,3,13,Ogun,2.0,,,,
24,3,13,Ondo,78.0,8.0,,,
24,3,13,Plateau,6.0,2.0,,,
24,3,13,Rivers,1.0,,,,
24,3,13,Taraba,6.0,,,,
24,3,13,Total,266.0,15.0,0.0,0.0,1.0
24,3,12,Adamawa,1.0,,,,
24,3,12,Anambra,1.0,,,,
24,3,12,Bauchi,34.0,3.0,,,1.0
24,3,12,Bayelsa,1.0,,,,
24,3,12,Benue,29.0,2.0,,,2.0
24,3,12,Borno,1.0,,,,
24,3,12,Cross River,12.0,1.0,,,
24,3,12,Delta,3.0,,,,
24,3,12,Ebonyi,17.0,,,1.0,1.0
24,3,12,Edo,77.0,4.0,,,
24,3,12,Ekiti,2.0,,,,
24,3,12,Enugu,1.0,,,,
24,3,12,FCT,1.0,,,,
24,3,12,Imo,2.0,,,,
24,3,12,Jigawa,2.0,,,,
24,3,12,Kaduna,7.0,,,,
24,3,12,Kano,2.0,,,,
24,3,12,Katsina,2.0,,,,
24,3,12,Kebbi,2.0,,,,
24,3,12,Kogi,2.0,1.0,,,1.0
24,3,12,Kwara,1.0,,,,
24,3,12,Lagos,1.0,,,,
24,3,12,Ogun,5.0,,,,
24,3,12,Ondo,60.0,8.0,,,
24,3,12,Oyo,1.0,,,,
24,3,12,Plateau,9.0,1.0,,,
24,3,12,Taraba,27.0,5.0,,,1.0
24,3,12,Total,303.0,25.0,0.0,1.0,6.0
24,3,11,Adamawa,2.0,,,,
24,3,11,Akwa Ibom,2.0,,,,
24,3,11,Bauchi,57.0,11.0,,,
24,3,11,Bayelsa,1.0,,,,
24,3,11,Benue,49.0,1.0,,,
24,3,11,Borno,1.0,,,,
24,3,11,Cross River,2.0,1.0,,,
24,3,11,Delta,3.0,,,,
24,3,11,Ebonyi,19.0,1.0,,,3.0
24,3,11,Edo,72.0,6.0,,,
24,3,11,Ekiti,1.0,,,,
24,3,11,Enugu,1.0,,,,
24,3,11,FCT,4.0,,,,
24,3,11,Gombe,1.0,,,,
24,3,11,Jigawa,1.0,,,,
24,3,11,Kaduna,3.0,,,,
24,3,11,Kano,3.0,,,,
24,3,11,Kogi,3.0,,,,
24,3,11,Lagos,2.0,,,,
24,3,11,Nasarawa,1.0,,,,
24,3,11,Ondo,73.0,6.0,,,
24,3,11,Oyo,3.0,,,,
24,3,11,Plateau,5.0,2.0,,,
24,3,11,Taraba,14.0,7.0,,1.0,1.0
24,3,11,Total,325.0,35.0,0.0,1.0,4.0
24,3,11,Yobe,1.0,,,,
24,3,11,Zamfara,1.0,,,,
24,3,10,Abia,1.0,,,,
24,3,10,Adamawa,1.0,,,,
24,3,10,Anambra,7.0,2.0,,,1.0
24,3,10,Bauchi,35.0,6.0,,1.0,2.0
24,3,10,Benue,112.0,7.0,,2.0,
24,3,10,Cross River,2.0,,,,
24,3,10,Delta,14.0,1.0,,,1.0
24,3,10,Ebonyi,28.0,4.0,,1.0,1.0
24,3,10,Edo,77.0,5.0,,,2.0
24,3,10,Ekiti,1.0,,,,
24,3,10,Enugu,15.0,,,,
24,3,10,FCT,3.0,,,,
24,3,10,Gombe,4.0,,,,
24,3,10,Imo,1.0,,,,
24,3,10,Jigawa,4.0,,,,
24,3,10,Kaduna,16.0,1.0,,,1.0
24,3,10,Kano,3.0,,,,
24,3,10,Kogi,5.0,,,,
24,3,10,Lagos,5.0,,,,
24,3,10,Nasarawa,2.0,,,,
24,3,10,Niger,2.0,,,,
24,3,10,Ogun,3.0,,,,
24,3,10,Ondo,118.0,16.0,,,1.0
24,3,10,Osun,1.0,,,,
24,3,10,Oyo,1.0,,,,
24,3,10,Plateau,3.0,,,,
24,3,10,Taraba,24.0,8.0,,1.0,1.0
24,3,10,Total,490.0,50.0,0.0,5.0,10.0
24,3,10,Yobe,2.0,,,,
24,2,9,Abia,1.0,,,,
24,2,9,Adamawa,5.0,1.0,,,
24,2,9,Akwa Ibom,1.0,,,,
24,2,9,Anambra,1.0,1.0,,,1.0
24,2,9,Bauchi,56.0,17.0,,,4.0
24,2,9,Bayelsa,1.0,,,,
24,2,9,Benue,156.0,10.0,,2.0,2.0
24,2,9,Borno,1.0,,,,
24,2,9,Cross River,5.0,,,,
24,2,9,Delta,8.0,2.0,,,
24,2,9,Ebonyi,25.0,8.0,,1.0,3.0
24,2,9,Edo,122.0,16.0,,1.0,3.0
24,2,9,Ekiti,1.0,,,,
24,2,9,Enugu,33.0,3.0,,,1.0
24,2,9,FCT,13.0,,,,
24,2,9,Gombe,4.0,,,,
24,2,9,Imo,3.0,,,,
24,2,9,Jigawa,12.0,2.0,,,1.0
24,2,9,Kaduna,55.0,7.0,,,1.0
24,2,9,Kano,12.0,,,,
24,2,9,Katsina,11.0,,,,
24,2,9,Kogi,24.0,8.0,,1.0,
24,2,9,Kwara,2.0,,,,
24,2,9,Lagos,5.0,,,,
24,2,9,Nasarawa,19.0,,,,
24,2,9,Niger,2.0,,,,
24,2,9,Ogun,3.0,1.0,,1.0,1.0
24,2,9,Ondo,75.0,25.0,,2.0,1.0
24,2,9,Oyo,2.0,1.0,,,1.0
24,2,9,Plateau,6.0,,,,
24,2,9,Rivers,9.0,1.0,,,1.0
24,2,9,Taraba,20.0,6.0,,,
24,2,9,Total,694.0,109.0,0.0,8.0,20.0
24,2,9,Yobe,1.0,,,,
24,2,8,Abia,2.0,,,,
24,2,8,Adamawa,1.0,,,,
24,2,8,Anambra,2.0,,,,
24,2,8,Bauchi,55.0,10.0,,,3.0
24,2,8,Bayelsa,2.0,,,,
24,2,8,Benue,97.0,4.0,2.0,,2.0
24,2,8,Borno,1.0,,,,
24,2,8,Cross River,4.0,,,,
24,2,8,Delta,4.0,,,,
24,2,8,Ebonyi,29.0,3.0,,1.0,1.0
24,2,8,Edo,131.0,29.0,,,4.0
24,2,8,Enugu,2.0,1.0,,,
24,2,8,FCT,6.0,,,,
24,2,8,Gombe,3.0,1.0,,,
24,2,8,Imo,3.0,,,,
24,2,8,Kaduna,13.0,6.0,1.0,3.0,5.0
24,2,8,Kano,20.0,,,,
24,2,8,Katsina,5.0,,,,
24,2,8,Kogi,11.0,3.0,,,
24,2,8,Lagos,7.0,,,,
24,2,8,Nasarawa,3.0,2.0,,1.0,1.0
24,2,8,Niger,1.0,,,,
24,2,8,Ogun,1.0,,,,
24,2,8,Ondo,133.0,21.0,,,2.0
24,2,8,Oyo,3.0,,,,
24,2,8,Plateau,1.0,,,,
24,2,8,Rivers,19.0,1.0,,,1.0
24,2,8,Taraba,23.0,15.0,,1.0,4.0
24,2,8,Total,585.0,96.0,3.0,6.0,23.0
24,2,8,Yobe,3.0,,,,
24,2,7,Bauchi,43.0,3.0,,,
24,2,7,Benue,131.0,,,,
24,2,7,Cross River,6.0,3.0,,,
24,2,7,Delta,5.0,1.0,,,1.0
24,2,7,Ebonyi,13.0,5.0,,1.0,5.0
24,2,7,Edo,126.0,22.0,,,1.0
24,2,7,Enugu,3.0,2.0,,,
24,2,7,FCT,1.0,,,,
24,2,7,Gombe,3.0,,,,
24,2,7,Imo,11.0,2.0,,,1.0
24,2,7,Jigawa,1.0,,,,
24,2,7,Kaduna,1.0,,,,
24,2,7,Kano,2.0,1.0,,,
24,2,7,Kogi,19.0,7.0,,,
24,2,7,Lagos,3.0,,,,
24,2,7,Nasarawa,2.0,,,,
24,2,7,Niger,1.0,1.0,,,1.0
24,2,7,Ogun,1.0,,,,
24,2,7,Ondo,109.0,15.0,,,3.0
24,2,7,Plateau,18.0,,,,
24,2,7,Taraba,7.0,3.0,,,
24,2,7,Total,507.0,66.0,1.0,0.0,13.0
24,2,7,Yobe,1.0,1.0,,,1.0
24,2,6,Abia,2.0,,,,
24,2,6,Bauchi,35.0,5.0,,,
24,2,6,Bayelsa,4.0,,,,
24,2,6,Benue,89.0,8.0,,2.0,1.0
24,2,6,Cross River,4.0,1.0,,,
24,2,6,Delta,4.0,,,,
24,2,6,Ebonyi,19.0,6.0,,,4.0
24,2,6,Edo,128.0,25.0,,,2.0
24,2,6,Enugu,3.0,,,,
24,2,6,Gombe,1.0,,,,
24,2,6,Kogi,13.0,4.0,,,
24,2,6,Kwara,1.0,,,,
24,2,6,Lagos,2.0,1.0,,,
24,2,6,Nasarawa,4.0,1.0,,,
24,2,6,Ogun,1.0,,,,
24,2,6,Ondo,91.0,17.0,,,
24,2,6,Osun,1.0,,,,
24,2,6,Oyo,3.0,,,,
24,2,6,Plateau,9.0,4.0,,,
24,2,6,Rivers,25.0,1.0,,,
24,2,6,Taraba,14.0,10.0,,,2.0
24,2,6,Total,453.0,83.0,0.0,2.0,9.0
24,2,5,Abia,1.0,,,,
24,2,5,Bauchi,36.0,5.0,,,1.0
24,2,5,Bayelsa,4.0,2.0,,,1.0
24,2,5,Benue,124.0,12.0,,2.0,1.0
24,2,5,Borno,2.0,,,,
24,2,5,Cross River,6.0,,,,
24,2,5,Delta,1.0,,,,
24,2,5,Ebonyi,27.0,9.0,,,3.0
24,2,5,Edo,86.0,12.0,,,2.0
24,2,5,Enugu,2.0,1.0,,,
24,2,5,FCT,5.0,,,,
24,2,5,Gombe,3.0,,,,
24,2,5,Jigawa,1.0,,,,
24,2,5,Kano,1.0,,,,
24,2,5,Katsina,1.0,,,,
24,2,5,Kogi,7.0,,,,
24,2,5,Kwara,1.0,,,,
24,2,5,Nasarawa,1.0,,,,
24,2,5,Niger,1.0,1.0,,,1.0
24,2,5,Ondo,93.0,15.0,,,
24,2,5,Osun,1.0,,,,
24,2,5,Oyo,2.0,,,,
24,2,5,Rivers,2.0,2.0,,,1.0
24,2,5,Taraba,18.0,11.0,,,5.0
24,2,5,Total,429.0,70.0,0.0,2.0,15.0
24,2,5,Yobe,3.0,,,,
24,1,4,Adamawa,1.0,1.0,,,
24,1,4,Anambra,2.0,,,,
24,1,4,Bauchi,69.0,15.0,,,1.0
24,1,4,Benue,68.0,1.0,,,
24,1,4,Borno,1.0,,,,
24,1,4,Cross River,1.0,,,,
24,1,4,Delta,3.0,,,,
24,1,4,Ebonyi,15.0,3.0,,1.0,1.0
24,1,4,Edo,84.0,8.0,,,1.0
24,1,4,FCT,2.0,,,,
24,1,4,Gombe,3.0,,,,
24,1,4,Imo,2.0,,,,
24,1,4,Kogi,6.0,3.0,,,
24,1,4,Lagos,1.0,,,,
24,1,4,Nasarawa,2.0,,,,
24,1,4,Ogun,6.0,,,,
24,1,4,Ondo,54.0,8.0,,,
24,1,4,Osun,1.0,,,,
24,1,4,Oyo,6.0,,,,
24,1,4,Plateau,8.0,1.0,,,
24,1,4,Taraba,10.0,7.0,,,2.0
24,1,4,Total,347.0,47.0,0.0,1.0,5.0
24,1,4,Yobe,2.0,,,,
24,1,3,Abia,1.0,,,,
24,1,3,Anambra,2.0,,,,
24,1,3,Bauchi,54.0,20.0,,,7.0
24,1,3,Benue,107.0,10.0,2.0,,2.0
24,1,3,Cross River,1.0,1.0,,,1.0
24,1,3,Delta,3.0,,,,
24,1,3,Ebonyi,9.0,1.0,,,
24,1,3,Edo,111.0,17.0,,,6.0
24,1,3,FCT,6.0,2.0,,,
24,1,3,Gombe,1.0,1.0,,,1.0
24,1,3,Imo,1.0,,,,
24,1,3,Kogi,1.0,1.0,1.0,,
24,1,3,Nasarawa,1.0,1.0,,,
24,1,3,Niger,1.0,1.0,,,
24,1,3,Ondo,87.0,13.0,,,2.0
24,1,3,Plateau,2.0,,,,
24,1,3,Taraba,18.0,9.0,,,2.0
24,1,3,Total,406.0,77.0,3.0,0.0,21.0
24,1,2,Anambra,2.0,1.0,,1.0,1.0
24,1,2,Bauchi,57.0,17.0,,1.0,7.0
24,1,2,Bayelsa,1.0,,,,
24,1,2,Benue,18.0,1.0,,,
24,1,2,Delta,6.0,,,,
24,1,2,Ebonyi,8.0,2.0,,,1.0
24,1,2,Edo,96.0,22.0,,,2.0
24,1,2,Gombe,1.0,1.0,,,
24,1,2,Imo,6.0,,,,
24,1,2,Kaduna,1.0,1.0,,,1.0
24,1,2,Kogi,1.0,1.0,,,1.0
24,1,2,Ondo,88.0,27.0,,,2.0
24,1,2,Rivers,1.0,,,,
24,1,2,Taraba,9.0,8.0,,,1.0
24,1,2,Total,296.0,81.0,0.0,2.0,16.0
24,1,2,Yobe,1.0,,,,
24,1,1,Adamawa,1.0,,,,
24,1,1,Bauchi,33.0,11.0,,1.0,1.0
24,1,1,Benue,19.0,6.0,,,1.0
24,1,1,Ebonyi,4.0,1.0,,,1.0
24,1,1,Edo,68.0,13.0,,,
24,1,1,Enugu,3.0,1.0,,,
24,1,1,FCT,1.0,,,,
24,1,1,Gombe,1.0,,,,
24,1,1,Imo,1.0,1.0,,1.0,1.0
24,1,1,Kogi,2.0,,,,
24,1,1,Nasarawa,2.0,,,,
24,1,1,Ondo,47.0,13.0,,,1.0
24,1,1,Plateau,2.0,1.0,,,
24,1,1,Taraba,6.0,6.0,,,1.0
24,1,1,Total,190.0,53.0,0.0,2.0,6.0
23,12,52,Abia,1.0,,,,
23,12,52,Bauchi,48.0,19.0,,1.0,2.0
23,12,52,Benue,5.0,1.0,,,1.0
23,12,52,Delta,2.0,1.0,,1.0,1.0
23,12,52,Ebonyi,4.0,1.0,,,1.0
23,12,52,Edo,61.0,10.0,,,3.0
23,12,52,Enugu,1.0,,,,
23,12,52,FCT,2.0,,,,
23,12,52,Gombe,1.0,1.0,,,1.0
23,12,52,Jigawa,1.0,,,,
23,12,52,Ondo,47.0,9.0,,,1.0
23,12,52,Plateau,3.0,1.0,,,1.0
23,12,52,Taraba,1.0,,,,
23,12,52,Total,177.0,43.0,0.0,2.0,11.0
23,12,51,Adamawa,2.0,,,,
23,12,51,Anambra,1.0,,,,
23,12,51,Bauchi,55.0,15.0,2.0,,3.0
23,12,51,Benue,3.0,,,,
23,12,51,Delta,3.0,,,,
23,12,51,Ebonyi,6.0,,,,
23,12,51,Edo,48.0,,,,
23,12,51,Ekiti,3.0,,,,
23,12,51,FCT,1.0,,,,
23,12,51,Gombe,1.0,,,,
23,12,51,Imo,1.0,,,,
23,12,51,Kaduna,2.0,,,,
23,12,51,Katsina,1.0,,,,
23,12,51,Lagos,1.0,,,,
23,12,51,Nasarawa,1.0,,,,
23,12,51,Ondo,36.0,5.0,,1.0,2.0
23,12,51,Oyo,2.0,,,,
23,12,51,Plateau,4.0,2.0,,1.0,
23,12,51,Taraba,7.0,4.0,,,1.0
23,12,51,Total,178.0,26.0,2.0,2.0,6.0
23,12,50,Bayelsa,1.0,,,,
23,12,50,Benue,1.0,1.0,,,1.0
23,12,50,Cross River,1.0,,,,
23,12,50,Delta,3.0,1.0,1.0,,1.0
23,12,50,Ebonyi,7.0,1.0,,,
23,12,50,Edo,44.0,2.0,,,1.0
23,12,50,Ekiti,1.0,,,,
23,12,50,Gombe,4.0,,,,
23,12,50,Lagos,1.0,,,,
23,12,50,Nasarawa,1.0,,,,
23,12,50,Ondo,24.0,3.0,,,1.0
23,12,50,Plateau,1.0,,,,
23,12,50,Taraba,4.0,2.0,,,
23,12,50,Total,93.0,10.0,1.0,0.0,4.0
23,11,49,Abia,1.0,,,,
23,11,49,Bauchi,39.0,9.0,,,3.0
23,11,49,Cross River,1.0,,,,
23,11,49,Delta,6.0,,,,
23,11,49,Ebonyi,3.0,,,,
23,11,49,Edo,40.0,3.0,,,1.0
23,11,49,Enugu,1.0,,,,
23,11,49,FCT,1.0,,,,
23,11,49,Gombe,5.0,,,,
23,11,49,Kebbi,1.0,,,,
23,11,49,Kogi,1.0,,,,
23,11,49,Kwara,2.0,,,,
23,11,49,Nasarawa,1.0,,,,
23,11,49,Ondo,53.0,8.0,,,1.0
23,11,49,Oyo,3.0,,,,
23,11,49,Plateau,3.0,1.0,,,
23,11,49,Taraba,4.0,,,,
23,11,49,Total,165.0,21.0,0.0,0.0,5.0
23,11,48,Abia,1.0,,,,
23,11,48,Adamawa,1.0,,,,
23,11,48,Anambra,1.0,,,,
23,11,48,Bauchi,19.0,10.0,,,3.0
23,11,48,Delta,7.0,,,,
23,11,48,Ebonyi,3.0,1.0,,,
23,11,48,Edo,44.0,1.0,,,1.0
23,11,48,Gombe,2.0,,,,
23,11,48,Jigawa,1.0,,,,
23,11,48,Kaduna,1.0,,,,
23,11,48,Kano,1.0,,,,
23,11,48,Lagos,1.0,,,,
23,11,48,Nasarawa,1.0,,,,
23,11,48,Ogun,1.0,,,,
23,11,48,Ondo,28.0,4.0,,1.0,
23,11,48,Oyo,2.0,,,,
23,11,48,Plateau,5.0,,,,
23,11,48,Total,119.0,16.0,0.0,1.0,4.0
23,11,47,Bauchi,8.0,3.0,,,3.0
23,11,47,Ebonyi,4.0,,,,
23,11,47,Edo,49.0,4.0,,,
23,11,47,FCT,4.0,,,,
23,11,47,Gombe,5.0,,,,
23,11,47,Kano,1.0,,,,
23,11,47,Katsina,1.0,,,,
23,11,47,Kwara,1.0,,,,
23,11,47,Nasarawa,3.0,,,,
23,11,47,Ogun,1.0,,,,
23,11,47,Ondo,42.0,3.0,,,
23,11,47,Taraba,3.0,1.0,,,
23,11,47,Total,122.0,11.0,0.0,0.0,3.0
23,11,46,Abia,1.0,,,,
23,11,46,Adamawa,1.0,,,,
23,11,46,Bauchi,25.0,10.0,,,
23,11,46,Borno,1.0,,,,
23,11,46,Ebonyi,2.0,,,,
23,11,46,Edo,45.0,3.0,,,2.0
23,11,46,Gombe,2.0,,,,
23,11,46,Imo,1.0,,,,
23,11,46,Kano,1.0,1.0,,,
23,11,46,Kogi,1.0,,,,
23,11,46,Ogun,2.0,,,,
23,11,46,Ondo,31.0,3.0,,,
23,11,46,Oyo,2.0,,,,
23,11,46,Plateau,1.0,,,,
23,11,46,Taraba,8.0,,,,
23,11,46,Total,125.0,17.0,0.0,0.0,2.0
23,11,46,Yobe,1.0,,,,
23,11,45,Anambra,1.0,,,,
23,11,45,Bauchi,9.0,4.0,,,
23,11,45,Cross River,1.0,,,,
23,11,45,Ebonyi,4.0,,,,
23,11,45,Edo,29.0,2.0,,,
23,11,45,Gombe,2.0,,,,
23,11,45,Kaduna,6.0,,,,
23,11,45,Kano,2.0,,,,
23,11,45,Ondo,34.0,4.0,,,2.0
23,11,45,Plateau,3.0,,,,
23,11,45,Taraba,3.0,2.0,,,2.0
23,11,45,Total,95.0,12.0,0.0,0.0,4.0
23,11,45,Zamfara,1.0,,,,
23,10,44,Bauchi,13.0,,,,
23,10,44,Benue,1.0,,,,
23,10,44,Delta,2.0,,,,
23,10,44,Ebonyi,2.0,,,,
23,10,44,Edo,53.0,2.0,,,
23,10,44,Ekiti,1.0,,,,
23,10,44,FCT,1.0,,,,
23,10,44,Kaduna,1.0,,,,
23,10,44,Kano,2.0,1.0,,,
23,10,44,Nasarawa,1.0,,,,
23,10,44,Ondo,37.0,5.0,,,
23,10,44,Oyo,2.0,,,,
23,10,44,Taraba,1.0,,,,
23,10,44,Total,117.0,8.0,0.0,0.0,0.0
23,10,43,Abia,1.0,,,,
23,10,43,Anambra,2.0,,,,
23,10,43,Benue,1.0,,,,
23,10,43,Ebonyi,4.0,,,,
23,10,43,Edo,50.0,,,,
23,10,43,Gombe,1.0,,,,
23,10,43,Imo,1.0,,,,
23,10,43,Kano,19.0,,,,
23,10,43,Kogi,3.0,,,,
23,10,43,Kwara,1.0,,,,
23,10,43,Nasarawa,4.0,,,,
23,10,43,Ogun,1.0,,,,
23,10,43,Ondo,31.0,3.0,,1.0,1.0
23,10,43,Plateau,3.0,,,,
23,10,43,Rivers,1.0,,,,
23,10,43,Taraba,1.0,,,,
23,10,43,Total,124.0,3.0,0.0,1.0,0.0
23,10,42,Adamawa,1.0,,,,
23,10,42,Anambra,2.0,,,,
23,10,42,Bauchi,5.0,1.0,,,
23,10,42,Benue,1.0,,,,
23,10,42,Delta,3.0,,,,
23,10,42,Ebonyi,5.0,,,,
23,10,42,Edo,48.0,3.0,,,
23,10,42,Ekiti,1.0,,,,
23,10,42,Enugu,1.0,,,,
23,10,42,FCT,2.0,,,,
23,10,42,Gombe,1.0,,,,
23,10,42,Kano,2.0,,,,
23,10,42,Lagos,2.0,,,,
23,10,42,Nasarawa,1.0,,,,
23,10,42,Ogun,1.0,,,,
23,10,42,Ondo,39.0,5.0,,,
23,10,42,Plateau,2.0,,,,
23,10,42,Rivers,1.0,,,,
23,10,42,Total,118.0,9.0,0.0,0.0,0.0
23,10,41,Bauchi,17.0,1.0,,,
23,10,41,Borno,1.0,,,,
23,10,41,Delta,1.0,,,,
23,10,41,Ebonyi,4.0,,,,
23,10,41,Edo,48.0,6.0,,,2.0
23,10,41,Enugu,1.0,,,,
23,10,41,Gombe,3.0,,,,
23,10,41,Jigawa,1.0,,,,
23,10,41,Nasarawa,2.0,,,,
23,10,41,Ondo,21.0,2.0,,1.0,1.0
23,10,41,Plateau,4.0,,,,
23,10,41,Total,103.0,9.0,0.0,1.0,3.0
23,9,40,Anambra,1.0,,,,
23,9,40,Bauchi,9.0,1.0,,,
23,9,40,Delta,2.0,,,,
23,9,40,Ebonyi,1.0,1.0,,,1.0
23,9,40,Edo,39.0,2.0,,,2.0
23,9,40,Gombe,1.0,,,,
23,9,40,Kogi,1.0,,,,
23,9,40,Nasarawa,2.0,1.0,,,
23,9,40,Ondo,7.0,,,,
23,9,40,Plateau,1.0,,,,
23,9,40,Rivers,2.0,,,,
23,9,40,Taraba,1.0,,,,
23,9,40,Total,67.0,5.0,0.0,0.0,3.0
23,9,39,Bauchi,4.0,,,,
23,9,39,Ebonyi,8.0,,,,
23,9,39,Edo,35.0,4.0,,,
23,9,39,Enugu,3.0,,,,
23,9,39,FCT,1.0,,,,
23,9,39,Nasarawa,1.0,,,,
23,9,39,Ondo,42.0,5.0,,,1.0
23,9,39,Plateau,2.0,,,,
23,9,39,Total,96.0,9.0,0.0,0.0,1.0
23,9,38,Bauchi,8.0,1.0,,,
23,9,38,Bayelsa,2.0,,,,
23,9,38,Benue,1.0,,,,
23,9,38,Borno,1.0,,,,
23,9,38,Ebonyi,5.0,,,,
23,9,38,Edo,34.0,,,,
23,9,38,Ekiti,1.0,,,,
23,9,38,Kwara,2.0,,,,
23,9,38,Lagos,6.0,,,,
23,9,38,Nasarawa,2.0,,,,
23,9,38,Ondo,37.0,3.0,,,
23,9,38,Oyo,4.0,,,,
23,9,38,Plateau,3.0,,,,
23,9,38,Taraba,1.0,,,,
23,9,38,Total,107.0,4.0,0.0,0.0,0.0
23,9,37,Bauchi,3.0,,,,
23,9,37,Benue,1.0,,,,
23,9,37,Cross River,1.0,,,,
23,9,37,Ebonyi,1.0,,,,
23,9,37,Edo,44.0,2.0,,,
23,9,37,Enugu,1.0,,,,
23,9,37,FCT,1.0,,,,
23,9,37,Kogi,1.0,,,,
23,9,37,Nasarawa,1.0,,,,
23,9,37,Ondo,24.0,2.0,,,
23,9,37,Taraba,1.0,,,,
23,9,37,Total,79.0,4.0,0.0,0.0,0.0
23,8,36,Bauchi,5.0,1.0,,,
23,8,36,Cross River,2.0,,,,
23,8,36,Ebonyi,3.0,,,,
23,8,36,Edo,41.0,2.0,,,
23,8,36,FCT,1.0,,,,
23,8,36,Gombe,1.0,,,,
23,8,36,Nasarawa,1.0,,,,
23,8,36,Ondo,29.0,2.0,,,
23,8,36,Plateau,2.0,,,,
23,8,36,Total,85.0,5.0,0.0,0.0,0.0
23,8,35,Abia,1.0,,,,
23,8,35,Bauchi,4.0,,,,
23,8,35,Benue,1.0,,,,
23,8,35,Delta,1.0,,,,
23,8,35,Ebonyi,1.0,,,,
23,8,35,Edo,49.0,1.0,,,
23,8,35,Enugu,1.0,,,,
23,8,35,FCT,1.0,,,,
23,8,35,Gombe,2.0,,,,
23,8,35,Kaduna,2.0,,,,
23,8,35,Kano,1.0,,,,
23,8,35,Kogi,1.0,,,,
23,8,35,Nasarawa,1.0,,,,
23,8,35,Ondo,42.0,5.0,,,
23,8,35,Rivers,1.0,,,,
23,8,35,Total,109.0,6.0,0.0,0.0,0.0
23,8,34,Abia,1.0,,,,
23,8,34,Bauchi,12.0,,,,
23,8,34,Benue,1.0,,,,
23,8,34,Cross River,1.0,,,,
23,8,34,Ebonyi,8.0,,,,
23,8,34,Edo,52.0,5.0,,,1.0
23,8,34,Enugu,1.0,,,,
23,8,34,Gombe,1.0,,,,
23,8,34,Kogi,1.0,,,,
23,8,34,Nasarawa,2.0,,,,
23,8,34,Ondo,42.0,6.0,,,
23,8,34,Plateau,2.0,,,,
23,8,34,Rivers,1.0,,,,
23,8,34,Total,125.0,11.0,0.0,0.0,1.0
23,8,33,Bauchi,13.0,4.0,,,1.0
23,8,33,Delta,1.0,,,,
23,8,33,Ebonyi,4.0,,,,
23,8,33,Edo,48.0,3.0,,,1.0
23,8,33,FCT,1.0,,,,
23,8,33,Gombe,3.0,,,,
23,8,33,Nasarawa,1.0,,,,
23,8,33,Ondo,11.0,2.0,,,
23,8,33,Total,82.0,9.0,0.0,0.0,2.0
23,8,32,Adamawa,1.0,,,,
23,8,32,Anambra,1.0,,,,
23,8,32,Benue,6.0,,,,
23,8,32,Ebonyi,2.0,,,,
23,8,32,Edo,19.0,1.0,,,
23,8,32,Ekiti,1.0,,,,
23,8,32,Enugu,1.0,,,,
23,8,32,FCT,1.0,,,,
23,8,32,Imo,1.0,,,,
23,8,32,Ondo,61.0,4.0,,,1.0
23,8,32,Total,94.0,5.0,0.0,0.0,1.0
23,7,31,Anambra,1.0,,,,
23,7,31,Bauchi,2.0,,,,
23,7,31,Benue,1.0,,,,
23,7,31,Ebonyi,4.0,,,,
23,7,31,Edo,18.0,,,,
23,7,31,Ekiti,4.0,,,,
23,7,31,Enugu,1.0,,,,
23,7,31,Gombe,1.0,,,,
23,7,31,Kaduna,1.0,,,,
23,7,31,Kwara,1.0,,,,
23,7,31,Lagos,1.0,,,,
23,7,31,Ondo,29.0,7.0,,,
23,7,31,Total,64.0,7.0,0.0,0.0,0.0
23,7,30,Bauchi,7.0,3.0,,,2.0
23,7,30,Benue,21.0,1.0,,,1.0
23,7,30,Cross River,1.0,,,,
23,7,30,Ebonyi,1.0,,,,
23,7,30,Edo,38.0,3.0,,,
23,7,30,FCT,1.0,,,,
23,7,30,Gombe,3.0,,,,
23,7,30,Kaduna,1.0,,,,
23,7,30,Katsina,3.0,,,,
23,7,30,Ondo,39.0,5.0,,1.0,3.0
23,7,30,Taraba,2.0,,,,
23,7,30,Total,117.0,12.0,0.0,1.0,6.0
23,7,29,Adamawa,4.0,,,,
23,7,29,Anambra,1.0,1.0,,,
23,7,29,Bauchi,6.0,,,,
23,7,29,Cross River,1.0,,,,
23,7,29,Ebonyi,7.0,,,,
23,7,29,Edo,42.0,3.0,,,
23,7,29,FCT,1.0,,,,
23,7,29,Gombe,4.0,,,,
23,7,29,Katsina,1.0,,,,
23,7,29,Kogi,1.0,,,,
23,7,29,Lagos,1.0,,,,
23,7,29,Ondo,39.0,5.0,,,
23,7,29,Plateau,5.0,,,,
23,7,29,Taraba,1.0,,,,
23,7,29,Total,114.0,9.0,0.0,0.0,0.0
23,7,28,Bauchi,5.0,1.0,,,
23,7,28,Benue,1.0,,,,
23,7,28,Ebonyi,12.0,1.0,,,1.0
23,7,28,Edo,42.0,3.0,,,
23,7,28,FCT,1.0,,,,
23,7,28,Gombe,1.0,1.0,,,
23,7,28,Kebbi,1.0,,,,
23,7,28,Kwara,2.0,,,,
23,7,28,Lagos,1.0,,,,
23,7,28,Ogun,2.0,,,,
23,7,28,Ondo,49.0,4.0,,,
23,7,28,Plateau,2.0,,,,
23,7,28,Total,119.0,10.0,0.0,0.0,1.0
23,6,27,Bauchi,7.0,,,,
23,6,27,Benue,1.0,1.0,,,
23,6,27,Delta,1.0,,,,
23,6,27,Ebonyi,4.0,1.0,,,1.0
23,6,27,Edo,40.0,1.0,,,
23,6,27,Kebbi,1.0,,,,
23,6,27,Ondo,54.0,3.0,,,
23,6,27,Total,108.0,6.0,0.0,0.0,1.0
23,6,26,Bauchi,12.0,,,,
23,6,26,Bayelsa,1.0,,,,
23,6,26,Ebonyi,1.0,,,,
23,6,26,Edo,43.0,,1.0,,
23,6,26,Nasarawa,2.0,,,,
23,6,26,Niger,1.0,,,,
23,6,26,Ogun,1.0,,,,
23,6,26,Ondo,31.0,9.0,,1.0,
23,6,26,Plateau,4.0,1.0,,,
23,6,26,Total,96.0,10.0,1.0,1.0,0.0
23,6,25,Adamawa,3.0,,,,
23,6,25,Bauchi,7.0,,,,
23,6,25,Benue,1.0,,,,
23,6,25,Borno,1.0,,,,
23,6,25,Delta,3.0,,,,
23,6,25,Ebonyi,7.0,,,,
23,6,25,Edo,42.0,3.0,,,
23,6,25,Enugu,2.0,,,,
23,6,25,Gombe,1.0,,,,
23,6,25,Kwara,1.0,,,,
23,6,25,Ogun,1.0,,,,
23,6,25,Ondo,74.0,7.0,,,3.0
23,6,25,Plateau,2.0,,,,
23,6,25,Rivers,1.0,,,,
23,6,25,Sokoto,1.0,,,,
23,6,25,Taraba,2.0,,,,
23,6,25,Total,149.0,10.0,0.0,0.0,3.0
23,6,24,Bauchi,8.0,1.0,,,1.0
23,6,24,Ebonyi,1.0,,,,
23,6,24,Edo,65.0,4.0,,,
23,6,24,Ekiti,1.0,,,,
23,6,24,Gombe,3.0,,,,
23,6,24,Nasarawa,1.0,,,,
23,6,24,Ondo,16.0,,,,
23,6,24,Oyo,1.0,,,,
23,6,24,Taraba,1.0,,,,
23,6,24,Total,97.0,5.0,0.0,0.0,1.0
23,6,23,Abia,1.0,,,,
23,6,23,Benue,3.0,,,,
23,6,23,Borno,1.0,,,,
23,6,23,Cross River,1.0,,,,
23,6,23,Delta,2.0,,,,
23,6,23,Ebonyi,6.0,,,,
23,6,23,Edo,60.0,1.0,,,
23,6,23,Lagos,1.0,,,,
23,6,23,Nasarawa,1.0,,,,
23,6,23,Plateau,5.0,,,,
23,6,23,Total,81.0,1.0,0.0,0.0,0.0
23,5,22,Anambra,1.0,,,,
23,5,22,Bauchi,5.0,4.0,,,
23,5,22,Delta,1.0,,,,
23,5,22,Ebonyi,3.0,,,,
23,5,22,Edo,51.0,2.0,,1.0,1.0
23,5,22,Nasarawa,1.0,,,,
23,5,22,Ondo,29.0,1.0,,,
23,5,22,Taraba,1.0,,,,
23,5,22,Total,92.0,7.0,0.0,1.0,1.0
23,5,21,Adamawa,1.0,,,,
23,5,21,Bauchi,6.0,,,,
23,5,21,Benue,3.0,,,,
23,5,21,Ebonyi,1.0,,,,
23,5,21,Edo,69.0,3.0,,,
23,5,21,Ekiti,1.0,,,,
23,5,21,Enugu,1.0,,,,
23,5,21,FCT,1.0,,,,
23,5,21,Gombe,1.0,,,,
23,5,21,Kaduna,1.0,,,,
23,5,21,Ogun,1.0,,,,
23,5,21,Ondo,50.0,3.0,,,1.0
23,5,21,Taraba,2.0,1.0,,,
23,5,21,Total,138.0,7.0,0.0,0.0,1.0
23,5,20,Adamawa,1.0,,,,
23,5,20,Akwa Ibom,1.0,,,,
23,5,20,Bauchi,6.0,1.0,,,1.0
23,5,20,Bayelsa,1.0,,,,
23,5,20,Benue,2.0,,,,
23,5,20,Cross River,1.0,,,,
23,5,20,Ebonyi,5.0,,,,
23,5,20,Edo,71.0,1.0,,,
23,5,20,FCT,1.0,,,,
23,5,20,Gombe,2.0,1.0,,,1.0
23,5,20,Jigawa,2.0,,,,
23,5,20,Nasarawa,1.0,,,,
23,5,20,Ogun,1.0,,,,
23,5,20,Ondo,95.0,3.0,,1.0,
23,5,20,Taraba,7.0,2.0,,,
23,5,20,Total,197.0,8.0,0.0,1.0,2.0
23,5,19,Bauchi,3.0,,,,
23,5,19,Benue,1.0,,,,
23,5,19,Cross River,1.0,,,,
23,5,19,Delta,2.0,,,,
23,5,19,Ebonyi,7.0,,,,
23,5,19,Edo,83.0,4.0,,,
23,5,19,Enugu,1.0,,,,
23,5,19,Gombe,1.0,,,,
23,5,19,Imo,1.0,,,,
23,5,19,Kaduna,1.0,,,,
23,5,19,Nasarawa,3.0,,,,
23,5,19,Ogun,2.0,,,,
23,5,19,Ondo,41.0,1.0,,,
23,5,19,Oyo,24.0,,,,
23,5,19,Plateau,1.0,,,,
23,5,19,Taraba,6.0,2.0,,,
23,5,19,Total,178.0,7.0,0.0,0.0,0.0
23,4,18,Bauchi,8.0,3.0,,,1.0
23,4,18,Delta,1.0,,,,
23,4,18,Ebonyi,,,1.0,,
23,4,18,Edo,62.0,1.0,,,1.0
23,4,18,Lagos,1.0,,,,
23,4,18,Nasarawa,1.0,,,,
23,4,18,Ondo,58.0,6.0,,,
23,4,18,Plateau,2.0,,,,
23,4,18,Taraba,1.0,,,,
23,4,18,Total,134.0,10.0,1.0,0.0,2.0
23,4,17,Bauchi,10.0,,,,
23,4,17,Ebonyi,7.0,,,,
23,4,17,Edo,71.0,8.0,,,1.0
23,4,17,Kaduna,9.0,,,,
23,4,17,Lagos,2.0,,,,
23,4,17,Nasarawa,1.0,,,,
23,4,17,Ogun,1.0,,,,
23,4,17,Ondo,58.0,6.0,,,1.0
23,4,17,Plateau,1.0,1.0,,,
23,4,17,Sokoto,6.0,1.0,,,
23,4,17,Taraba,6.0,4.0,,,
23,4,17,Total,176.0,21.0,0.0,0.0,2.0
23,4,17,Yobe,1.0,,,,
23,4,17,Zamfara,3.0,1.0,,,
23,4,16,Anambra,1.0,,,,
23,4,16,Bauchi,13.0,4.0,,,
23,4,16,Bayelsa,1.0,,,,
23,4,16,Benue,1.0,,,,
23,4,16,Cross River,2.0,,,,
23,4,16,Delta,3.0,,,,
23,4,16,Ebonyi,6.0,,,,
23,4,16,Edo,84.0,7.0,,,
23,4,16,Ekiti,2.0,,,,
23,4,16,FCT,1.0,,,,
23,4,16,Gombe,2.0,1.0,,,1.0
23,4,16,Kogi,1.0,,,,
23,4,16,Nasarawa,1.0,,,,
23,4,16,Ondo,67.0,6.0,,,
23,4,16,Rivers,1.0,,,,
23,4,16,Taraba,20.0,2.0,,,1.0
23,4,16,Total,206.0,20.0,0.0,0.0,2.0
23,4,15,Abia,3.0,,,,
23,4,15,Bauchi,13.0,1.0,,,
23,4,15,Delta,2.0,,,,
23,4,15,Ebonyi,5.0,,,,
23,4,15,Edo,73.0,3.0,,,
23,4,15,Enugu,1.0,,,,
23,4,15,FCT,1.0,,,,
23,4,15,Gombe,1.0,,,,
23,4,15,Kogi,1.0,,,,
23,4,15,Lagos,1.0,,,,
23,4,15,Ondo,47.0,5.0,,,1.0
23,4,15,Rivers,1.0,,,,
23,4,15,Total,149.0,9.0,0.0,0.0,1.0
23,3,14,Akwa Ibom,1.0,,,,
23,3,14,Bauchi,29.0,3.0,,,1.0
23,3,14,Benue,8.0,,,,
23,3,14,Delta,1.0,,,,
23,3,14,Ebonyi,11.0,,,,
23,3,14,Edo,94.0,4.0,,,
23,3,14,Enugu,3.0,2.0,,,
23,3,14,Gombe,1.0,,,,
23,3,14,Imo,1.0,,,,
23,3,14,Kogi,2.0,,,,
23,3,14,Lagos,2.0,2.0,,,
23,3,14,Nasarawa,1.0,,,,
23,3,14,Ondo,58.0,10.0,,,
23,3,14,Plateau,1.0,,,,
23,3,14,Taraba,7.0,2.0,,,2.0
23,3,14,Total,221.0,23.0,0.0,0.0,3.0
23,3,14,Zamfara,1.0,,,,
23,3,13,Abia,1.0,,,,
23,3,13,Adamawa,1.0,,,,
23,3,13,Bauchi,18.0,2.0,,,2.0
23,3,13,Bayelsa,4.0,,,,
23,3,13,Benue,3.0,,,,
23,3,13,Cross River,1.0,,,,
23,3,13,Delta,1.0,,,,
23,3,13,Ebonyi,13.0,1.0,,,
23,3,13,Edo,92.0,5.0,,,
23,3,13,FCT,1.0,,,,
23,3,13,Gombe,1.0,,,,
23,3,13,Imo,1.0,,,,
23,3,13,Kaduna,3.0,,,,
23,3,13,Kebbi,3.0,1.0,,,1.0
23,3,13,Kogi,1.0,,,,
23,3,13,Nasarawa,5.0,,,,
23,3,13,Ogun,1.0,,,,
23,3,13,Ondo,58.0,7.0,,1.0,
23,3,13,Oyo,3.0,1.0,,,
23,3,13,Plateau,3.0,,,,
23,3,13,Taraba,17.0,6.0,,,1.0
23,3,13,Total,231.0,23.0,0.0,1.0,4.0
23,3,12,Bauchi,43.0,14.0,,,1.0
23,3,12,Bayelsa,4.0,,,,
23,3,12,Benue,21.0,,,,
23,3,12,Cross River,1.0,,,,
23,3,12,Ebonyi,13.0,,,,
23,3,12,Edo,93.0,7.0,,,1.0
23,3,12,Enugu,1.0,,,,
23,3,12,Gombe,3.0,,,,
23,3,12,Jigawa,8.0,,,,
23,3,12,Kaduna,1.0,1.0,,,
23,3,12,Kogi,4.0,1.0,,,
23,3,12,Lagos,1.0,,,,
23,3,12,Nasarawa,2.0,,,,
23,3,12,Ondo,75.0,13.0,,3.0,
23,3,12,Osun,1.0,,,,
23,3,12,Oyo,4.0,,,,
23,3,12,Taraba,8.0,3.0,,,
23,3,12,Total,283.0,39.0,0.0,3.0,2.0
23,3,11,Bauchi,31.0,7.0,,,4.0
23,3,11,Bayelsa,6.0,,,,
23,3,11,Benue,28.0,4.0,,,
23,3,11,Cross River,3.0,,,,
23,3,11,Ebonyi,17.0,3.0,,,3.0
23,3,11,Edo,106.0,12.0,,,2.0
23,3,11,Gombe,2.0,,,,
23,3,11,Jigawa,2.0,,,,
23,3,11,Kano,1.0,,,,
23,3,11,Kogi,2.0,,,,
23,3,11,Nasarawa,8.0,1.0,1.0,1.0,
23,3,11,Ondo,46.0,5.0,,,4.0
23,3,11,Plateau,5.0,2.0,,,
23,3,11,Rivers,1.0,1.0,,,
23,3,11,Taraba,9.0,3.0,,,1.0
23,3,11,Total,268.0,38.0,0.0,1.0,14.0
23,3,11,Yobe,1.0,,,,
23,3,10,Abia,1.0,,,,
23,3,10,Bauchi,49.0,6.0,,,2.0
23,3,10,Bayelsa,7.0,1.0,,,
23,3,10,Benue,8.0,,,,
23,3,10,Borno,1.0,,,,
23,3,10,Cross River,4.0,1.0,,,1.0
23,3,10,Delta,1.0,,,,
23,3,10,Ebonyi,14.0,9.0,,,5.0
23,3,10,Edo,109.0,23.0,,,4.0
23,3,10,Enugu,1.0,,,,
23,3,10,FCT,1.0,,,,
23,3,10,Gombe,1.0,,,,
23,3,10,Jigawa,3.0,1.0,,,
23,3,10,Kogi,3.0,1.0,,,
23,3,10,Nasarawa,1.0,,,,
23,3,10,Ondo,76.0,23.0,,1.0,4.0
23,3,10,Osun,1.0,,,,
23,3,10,Oyo,5.0,2.0,,,1.0
23,3,10,Plateau,1.0,1.0,,,1.0
23,3,10,Taraba,5.0,2.0,,,1.0
23,3,10,Total,292.0,70.0,0.0,1.0,19.0
23,2,9,Anambra,2.0,,,,
23,2,9,Bauchi,53.0,5.0,,,1.0
23,2,9,Bayelsa,12.0,,,,
23,2,9,Benue,4.0,,,,
23,2,9,Cross River,2.0,,,,
23,2,9,Delta,2.0,,,,
23,2,9,Ebonyi,16.0,3.0,,,2.0
23,2,9,Edo,94.0,16.0,,,
23,2,9,Ekiti,1.0,,,,
23,2,9,Enugu,1.0,,,,
23,2,9,Gombe,2.0,,,,
23,2,9,Jigawa,1.0,,,,
23,2,9,Kaduna,11.0,,,,
23,2,9,Kano,5.0,,,,
23,2,9,Kogi,1.0,,,,
23,2,9,Nasarawa,7.0,,,,
23,2,9,Ondo,59.0,11.0,,,2.0
23,2,9,Osun,2.0,,,,
23,2,9,Oyo,2.0,,,,
23,2,9,Plateau,6.0,,,,
23,2,9,Rivers,1.0,,,,
23,2,9,Taraba,10.0,5.0,,1.0,
23,2,9,Total,295.0,40.0,0.0,1.0,5.0
23,2,9,Yobe,1.0,,,,
23,2,8,Adamawa,1.0,,,,
23,2,8,Anambra,,1.0,,,
23,2,8,Bauchi,69.0,12.0,,4.0,2.0
23,2,8,Benue,26.0,13.0,,,
23,2,8,Ebonyi,15.0,3.0,,,1.0
23,2,8,Edo,107.0,5.0,,,2.0
23,2,8,FCT,2.0,1.0,,,
23,2,8,Gombe,5.0,,,,
23,2,8,Imo,3.0,,,,
23,2,8,Jigawa,6.0,2.0,,,
23,2,8,Kaduna,1.0,,,,
23,2,8,Kano,12.0,2.0,,,
23,2,8,Katsina,1.0,,,,
23,2,8,Kogi,3.0,1.0,,,1.0
23,2,8,Nasarawa,6.0,,,,
23,2,8,Ogun,1.0,,,,
23,2,8,Ondo,63.0,10.0,,,3.0
23,2,8,Taraba,29.0,10.0,,,1.0
23,2,8,Total,351.0,59.0,0.0,4.0,10.0
23,2,7,Abia,2.0,,,,
23,2,7,Anambra,2.0,,,,
23,2,7,Bauchi,80.0,9.0,,,
23,2,7,Bayelsa,1.0,1.0,,,1.0
23,2,7,Benue,3.0,,,,
23,2,7,Delta,1.0,,,,
23,2,7,Ebonyi,13.0,4.0,,,2.0
23,2,7,Edo,132.0,12.0,,,2.0
23,2,7,Ekiti,2.0,,,,
23,2,7,Enugu,1.0,,,,
23,2,7,FCT,1.0,,,,
23,2,7,Gombe,2.0,1.0,,,
23,2,7,Imo,1.0,,,,
23,2,7,Nasarawa,5.0,,,,
23,2,7,Niger,1.0,,,,
23,2,7,Ondo,94.0,7.0,,,
23,2,7,Osun,1.0,,,,
23,2,7,Oyo,1.0,,,,
23,2,7,Plateau,1.0,,,,
23,2,7,Rivers,1.0,,,,
23,2,7,Taraba,38.0,12.0,,,4.0
23,2,7,Total,384.0,46.0,0.0,0.0,9.0
23,2,7,Zamfara,1.0,,,,
23,2,6,Abia,1.0,,,,
23,2,6,Bauchi,56.0,14.0,1.0,,2.0
23,2,6,Benue,5.0,1.0,1.0,,
23,2,6,Cross River,2.0,,,,
23,2,6,Ebonyi,11.0,4.0,,,1.0
23,2,6,Edo,135.0,15.0,,,5.0
23,2,6,Enugu,1.0,,,,
23,2,6,FCT,3.0,,,,
23,2,6,Gombe,6.0,4.0,,,
23,2,6,Imo,2.0,,,,
23,2,6,Kano,2.0,,,,
23,2,6,Kogi,2.0,,,,
23,2,6,Kwara,1.0,,,,
23,2,6,Nasarawa,16.0,1.0,,,
23,2,6,Ondo,128.0,21.0,,4.0,4.0
23,2,6,Oyo,2.0,,,,
23,2,6,Plateau,4.0,1.0,,,
23,2,6,Taraba,37.0,7.0,,,3.0
23,2,6,Total,415.0,68.0,2.0,4.0,15.0
23,2,6,Yobe,1.0,,,,
23,1,5,Adamawa,1.0,,,,
23,1,5,Anambra,1.0,,,,
23,1,5,Bauchi,47.0,4.0,,1.0,
23,1,5,Benue,5.0,3.0,1.0,,2.0
23,1,5,Cross River,1.0,1.0,,,
23,1,5,Delta,1.0,,,,
23,1,5,Ebonyi,16.0,7.0,,3.0,4.0
23,1,5,Edo,183.0,35.0,,3.0,3.0
23,1,5,Enugu,7.0,1.0,,,
23,1,5,FCT,3.0,,,,
23,1,5,Gombe,3.0,,,,
23,1,5,Imo,2.0,,,,
23,1,5,Kogi,4.0,3.0,,,
23,1,5,Nasarawa,23.0,2.0,,1.0,1.0
23,1,5,Niger,1.0,1.0,,,
23,1,5,Ogun,5.0,,,,
23,1,5,Ondo,132.0,42.0,,1.0,3.0
23,1,5,Oyo,1.0,,,,
23,1,5,Plateau,2.0,1.0,,,1.0
23,1,5,Taraba,16.0,6.0,,2.0,1.0
23,1,5,Total,455.0,106.0,1.0,11.0,15.0
23,1,5,Yobe,1.0,,,,
23,1,4,Abia,,1.0,,,
23,1,4,Adamawa,,1.0,,,
23,1,4,Anambra,2.0,,,,
23,1,4,Bauchi,54.0,8.0,,,
23,1,4,Benue,13.0,7.0,,,
23,1,4,Delta,4.0,1.0,,,
23,1,4,Ebonyi,15.0,7.0,,,5.0
23,1,4,Edo,148.0,25.0,,,4.0
23,1,4,Enugu,5.0,1.0,,,
23,1,4,FCT,5.0,1.0,,,
23,1,4,Gombe,3.0,1.0,,,
23,1,4,Kaduna,2.0,,,,
23,1,4,Kano,6.0,2.0,,,
23,1,4,Kogi,2.0,1.0,,,
23,1,4,Nasarawa,10.0,3.0,,,
23,1,4,Ondo,142.0,40.0,,,4.0
23,1,4,Osun,1.0,,,,
23,1,4,Oyo,1.0,,,,
23,1,4,Plateau,5.0,4.0,,1.0,
23,1,4,Taraba,25.0,16.0,,,3.0
23,1,4,Total,445.0,117.0,0.0,1.0,16.0
23,1,4,Yobe,1.0,,,,
23,1,3,Adamawa,1.0,1.0,,,
23,1,3,Akwa Ibom,2.0,,,,
23,1,3,Anambra,21.0,2.0,,,1.0
23,1,3,Bauchi,74.0,5.0,,1.0,1.0
23,1,3,Bayelsa,1.0,,,,
23,1,3,Benue,13.0,5.0,,,1.0
23,1,3,Delta,5.0,1.0,,,
23,1,3,Ebonyi,10.0,3.0,,,2.0
23,1,3,Edo,193.0,48.0,,1.0,6.0
23,1,3,Ekiti,1.0,,,,
23,1,3,Enugu,4.0,1.0,,,
23,1,3,FCT,4.0,1.0,,,
23,1,3,Gombe,1.0,,,,
23,1,3,Imo,1.0,,,,
23,1,3,Kano,8.0,,,,
23,1,3,Kogi,11.0,3.0,,,
23,1,3,Kwara,4.0,,,,
23,1,3,Lagos,2.0,,,,
23,1,3,Nasarawa,20.0,5.0,,,
23,1,3,Niger,1.0,,,,
23,1,3,Ogun,2.0,,,,
23,1,3,Ondo,137.0,51.0,,,4.0
23,1,3,Osun,1.0,,,,
23,1,3,Plateau,22.0,3.0,,,
23,1,3,Rivers,2.0,,,,
23,1,3,Taraba,18.0,8.0,,,3.0
23,1,3,Total,560.0,137.0,0.0,2.0,18.0
23,1,3,Yobe,1.0,,,,
23,1,2,Bauchi,21.0,5.0,,,1.0
23,1,2,Benue,5.0,4.0,,,
23,1,2,Delta,1.0,,,,
23,1,2,Ebonyi,15.0,6.0,,,2.0
23,1,2,Edo,67.0,25.0,,,2.0
23,1,2,Enugu,1.0,,,,
23,1,2,FCT,3.0,,,,
23,1,2,Gombe,1.0,,,,
23,1,2,Imo,2.0,1.0,,,1.0
23,1,2,Kogi,1.0,1.0,,,
23,1,2,Kwara,1.0,,,,
23,1,2,Lagos,4.0,,,,
23,1,2,Nasarawa,18.0,1.0,,,
23,1,2,Niger,1.0,,,,
23,1,2,Ogun,2.0,,,,
23,1,2,Ondo,83.0,33.0,,,
23,1,2,Osun,1.0,,,,
23,1,2,Oyo,2.0,1.0,,,
23,1,2,Rivers,1.0,,,,
23,1,2,Taraba,1.0,,,,
23,1,2,Total,231.0,77.0,0.0,0.0,6.0
23,1,1,Bauchi,17.0,3.0,,,
23,1,1,Delta,1.0,,,,
23,1,1,Ebonyi,5.0,1.0,,,
23,1,1,Edo,40.0,16.0,,,
23,1,1,Enugu,1.0,,,,
23,1,1,FCT,22.0,,,,
23,1,1,Imo,1.0,,,,
23,1,1,Kaduna,1.0,,,,
23,1,1,Kogi,1.0,1.0,,,
23,1,1,Nasarawa,1.0,1.0,,1.0,1.0
23,1,1,Ondo,11.0,6.0,,,
23,1,1,Plateau,3.0,2.0,,,
23,1,1,Total,104.0,30.0,0.0,1.0,1.0
22,12,52,Bauchi,2.0,,,,
22,12,52,Benue,7.0,1.0,,,
22,12,52,Ebonyi,11.0,2.0,,,
22,12,52,Edo,53.0,9.0,,,
22,12,52,FCT,1.0,,,,
22,12,52,Kebbi,1.0,,,,
22,12,52,Lagos,1.0,,,,
22,12,52,Nasarawa,2.0,,,,
22,12,52,Niger,1.0,,,,
22,12,52,Total,79.0,12.0,0.0,0.0,0.0
22,12,51,Abia,1.0,,,,
22,12,51,Bauchi,35.0,6.0,,1.0,1.0
22,12,51,Delta,2.0,,,,
22,12,51,Ebonyi,6.0,1.0,,,
22,12,51,Edo,54.0,3.0,,,
22,12,51,Enugu,1.0,,,,
22,12,51,FCT,1.0,,,,
22,12,51,Imo,1.0,,,,
22,12,51,Kwara,2.0,,,,
22,12,51,Nasarawa,4.0,,,,
22,12,51,Niger,1.0,,,,
22,12,51,Ondo,23.0,1.0,,,
22,12,51,Oyo,6.0,4.0,,,
22,12,51,Plateau,5.0,,,,
22,12,51,Taraba,5.0,2.0,,,
22,12,51,Total,147.0,17.0,0.0,1.0,1.0
22,12,50,Anambra,5.0,,,,
22,12,50,Bauchi,16.0,1.0,,,
22,12,50,Benue,1.0,,,,
22,12,50,Cross River,1.0,,,,
22,12,50,Ebonyi,8.0,,,,
22,12,50,Enugu,5.0,,,,
22,12,50,FCT,1.0,,,,
22,12,50,Gombe,1.0,,,,
22,12,50,Kebbi,1.0,,,,
22,12,50,Nasarawa,3.0,1.0,,,
22,12,50,Ondo,29.0,7.0,,,
22,12,50,Plateau,2.0,,,,
22,12,50,Taraba,1.0,1.0,,,
22,12,50,Total,74.0,10.0,0.0,0.0,0.0
22,12,49,Bauchi,71.0,7.0,,,
22,12,49,Cross River,1.0,,,,
22,12,49,Ebonyi,8.0,2.0,,,1.0
22,12,49,Enugu,1.0,,,,
22,12,49,FCT,2.0,,,,
22,12,49,Gombe,1.0,,,,
22,12,49,Kaduna,1.0,,,,
22,12,49,Kano,1.0,,,,
22,12,49,Nasarawa,3.0,,,,
22,12,49,Ondo,48.0,3.0,,,
22,12,49,Oyo,5.0,,,,
22,12,49,Plateau,1.0,,,,
22,12,49,Rivers,1.0,,,,
22,12,49,Sokoto,1.0,1.0,,,
22,12,49,Taraba,1.0,,,,
22,12,49,Total,146.0,13.0,0.0,0.0,1.0
22,11,48,Bauchi,61.0,10.0,,,2.0
22,11,48,Benue,2.0,1.0,,,1.0
22,11,48,Cross River,1.0,,,,
22,11,48,Delta,2.0,,,,
22,11,48,Ebonyi,5.0,,,,
22,11,48,Edo,62.0,3.0,,,
22,11,48,FCT,1.0,,,,
22,11,48,Kano,2.0,,,,
22,11,48,Lagos,1.0,,,,
22,11,48,Nasarawa,3.0,,,,
22,11,48,Ondo,26.0,7.0,,,
22,11,48,Plateau,5.0,1.0,,,
22,11,48,Total,171.0,22.0,0.0,0.0,3.0
22,11,47,Anambra,1.0,,,,
22,11,47,Benue,1.0,,,,
22,11,47,Delta,1.0,,,,
22,11,47,Edo,59.0,1.0,,,
22,11,47,Kogi,3.0,,,,
22,11,47,Lagos,1.0,,,,
22,11,47,Nasarawa,4.0,1.0,,,
22,11,47,Ondo,27.0,2.0,,,
22,11,47,Total,98.0,4.0,0.0,0.0,0.0
22,11,47,Yobe,1.0,,,,
22,11,46,Benue,4.0,1.0,,,1.0
22,11,46,Ebonyi,7.0,,,,
22,11,46,Edo,66.0,1.0,,,
22,11,46,Kogi,1.0,,,,
22,11,46,Lagos,1.0,,,,
22,11,46,Ondo,20.0,2.0,,,
22,11,46,Plateau,2.0,,,,
22,11,46,Sokoto,1.0,,,,
22,11,46,Taraba,1.0,,,,
22,11,46,Total,103.0,4.0,0.0,0.0,1.0
22,11,45,Abia,2.0,,,,
22,11,45,Delta,1.0,1.0,,,
22,11,45,Ebonyi,4.0,1.0,,,
22,11,45,Edo,62.0,4.0,,,
22,11,45,Enugu,1.0,,,,
22,11,45,FCT,1.0,,,,
22,11,45,Nasarawa,2.0,,,,
22,11,45,Ondo,21.0,3.0,,,
22,11,45,Oyo,2.0,1.0,,,
22,11,45,Total,96.0,10.0,0.0,0.0,0.0
22,10,44,Benue,1.0,1.0,,,
22,10,44,Edo,64.0,5.0,,,
22,10,44,Kogi,2.0,1.0,,,
22,10,44,Lagos,1.0,,,,
22,10,44,Ondo,37.0,9.0,,,
22,10,44,Oyo,1.0,1.0,,,
22,10,44,Plateau,4.0,,,,
22,10,44,Total,110.0,17.0,0.0,0.0,0.0
22,10,43,Adamawa,3.0,,,,
22,10,43,Anambra,1.0,,,,
22,10,43,Bauchi,8.0,,,,
22,10,43,Cross River,1.0,1.0,,,
22,10,43,Delta,2.0,,,,1.0
22,10,43,Ebonyi,2.0,,,,
22,10,43,Edo,66.0,6.0,,,
22,10,43,Gombe,2.0,,,,
22,10,43,Nasarawa,1.0,,,,
22,10,43,Ondo,20.0,3.0,,,
22,10,43,Plateau,1.0,,,,
22,10,43,Total,108.0,10.0,0.0,0.0,1.0
22,10,43,Yobe,1.0,,,,
22,10,42,Anambra,1.0,,,,
22,10,42,Bauchi,9.0,,,,
22,10,42,Borno,1.0,,,,
22,10,42,Cross River,1.0,1.0,,,
22,10,42,Ebonyi,6.0,1.0,,,
22,10,42,Edo,40.0,1.0,,,
22,10,42,Enugu,1.0,,,,
22,10,42,Lagos,1.0,,,,
22,10,42,Nasarawa,2.0,,,,
22,10,42,Ondo,33.0,4.0,,,
22,10,42,Total,95.0,7.0,0.0,0.0,0.0
22,10,41,Bauchi,9.0,,,,
22,10,41,Delta,1.0,,,,
22,10,41,Edo,64.0,2.0,,,
22,10,41,Ekiti,1.0,,,,
22,10,41,Ondo,22.0,2.0,,,
22,10,41,Total,97.0,4.0,0.0,0.0,0.0
22,9,40,Bauchi,4.0,1.0,,,
22,9,40,Benue,1.0,,,,
22,9,40,Ekiti,1.0,1.0,,,
22,9,40,Gombe,1.0,,,,
22,9,40,Nasarawa,3.0,,,,
22,9,40,Ondo,16.0,2.0,,,
22,9,40,Plateau,3.0,,,,
22,9,40,Total,29.0,4.0,0.0,0.0,0.0
22,9,39,Anambra,6.0,,,,
22,9,39,Bauchi,14.0,,,,
22,9,39,Benue,2.0,,,,
22,9,39,Cross River,2.0,,,,
22,9,39,Delta,1.0,,,,
22,9,39,Ebonyi,4.0,,,,
22,9,39,Edo,31.0,,,,
22,9,39,Enugu,1.0,1.0,,,
22,9,39,FCT,1.0,,,,
22,9,39,Kebbi,1.0,,,,
22,9,39,Kogi,1.0,,,,
22,9,39,Nasarawa,1.0,,,,
22,9,39,Ondo,20.0,3.0,,,1.0
22,9,39,Total,85.0,4.0,0.0,0.0,1.0
22,9,38,Bauchi,7.0,1.0,,,
22,9,38,Kebbi,1.0,,,,
22,9,38,Nasarawa,1.0,,,,
22,9,38,Niger,1.0,,,,
22,9,38,Ondo,23.0,5.0,,,1.0
22,9,38,Rivers,4.0,,,,
22,9,38,Total,37.0,6.0,0.0,0.0,1.0
22,9,37,Bauchi,5.0,1.0,,,
22,9,37,Edo,34.0,,,,
22,9,37,Gombe,1.0,,,,
22,9,37,Lagos,1.0,,,,
22,9,37,Nasarawa,5.0,,,,
22,9,37,Ogun,2.0,,,,
22,9,37,Ondo,22.0,5.0,,,
22,9,37,Total,70.0,6.0,0.0,0.0,0.0
22,9,36,Anambra,1.0,1.0,,,
22,9,36,Bauchi,4.0,1.0,,,
22,9,36,Benue,4.0,,,,
22,9,36,Borno,1.0,,,,
22,9,36,Edo,54.0,1.0,,,
22,9,36,Gombe,1.0,,,,
22,9,36,Kano,1.0,,,,
22,9,36,Lagos,6.0,,,,
22,9,36,Nasarawa,11.0,,,,
22,9,36,Ondo,27.0,5.0,,,1.0
22,9,36,Plateau,2.0,,,,
22,9,36,Sokoto,1.0,,,,
22,9,36,Total,113.0,8.0,0.0,0.0,1.0
22,8,35,Bauchi,3.0,,,,
22,8,35,Benue,2.0,,,,
22,8,35,Borno,3.0,,,,
22,8,35,Edo,41.0,4.0,,,
22,8,35,Gombe,3.0,,,,
22,8,35,Kaduna,1.0,,,,
22,8,35,Nasarawa,3.0,1.0,,,
22,8,35,Ogun,1.0,,,,
22,8,35,Ondo,16.0,5.0,,,1.0
22,8,35,Plateau,2.0,,,,
22,8,35,Total,76.0,10.0,0.0,0.0,1.0
22,8,35,Yobe,1.0,,,,
22,8,34,Anambra,1.0,,,,
22,8,34,Bauchi,2.0,,,,
22,8,34,Benue,2.0,,,,
22,8,34,Ebonyi,3.0,,,,
22,8,34,Edo,50.0,2.0,,,
22,8,34,Enugu,1.0,,,,
22,8,34,Nasarawa,1.0,,,,
22,8,34,Ondo,17.0,3.0,,,
22,8,34,Oyo,2.0,,,,
22,8,34,Total,79.0,5.0,0.0,0.0,0.0
22,8,33,Bauchi,2.0,,,,
22,8,33,Delta,1.0,,,,
22,8,33,Edo,52.0,1.0,,,
22,8,33,FCT,1.0,,,,
22,8,33,Kogi,1.0,,,,
22,8,33,Lagos,2.0,,,,
22,8,33,Ogun,1.0,,,,
22,8,33,Ondo,25.0,4.0,,,
22,8,33,Oyo,1.0,,,,
22,8,33,Plateau,2.0,,,,
22,8,33,Total,88.0,5.0,0.0,0.0,0.0
22,8,32,Akwa Ibom,1.0,,,,
22,8,32,Anambra,1.0,,,,
22,8,32,Bauchi,9.0,,,,
22,8,32,Benue,3.0,,,,
22,8,32,Cross River,1.0,,,,
22,8,32,Delta,1.0,,,,
22,8,32,Ebonyi,3.0,,,,
22,8,32,Edo,82.0,5.0,,,
22,8,32,Enugu,1.0,1.0,,,
22,8,32,FCT,2.0,,,,
22,8,32,Gombe,1.0,,,,
22,8,32,Imo,39.0,,,,
22,8,32,Kwara,1.0,,,,
22,8,32,Lagos,1.0,,,,
22,8,32,Ogun,1.0,,,,
22,8,32,Ondo,27.0,3.0,,,3.0
22,8,32,Oyo,1.0,,,,
22,8,32,Plateau,3.0,,,,
22,8,32,Total,178.0,9.0,0.0,0.0,3.0
22,7,31,Bayelsa,1.0,,,,
22,7,31,Benue,1.0,,,,
22,7,31,Cross River,1.0,,,,
22,7,31,Ebonyi,3.0,1.0,,,
22,7,31,Edo,87.0,3.0,,,
22,7,31,Enugu,1.0,,,,
22,7,31,FCT,1.0,,,,
22,7,31,Gombe,1.0,,,,
22,7,31,Imo,1.0,1.0,,,
22,7,31,Kogi,4.0,2.0,,,1.0
22,7,31,Lagos,4.0,,,,
22,7,31,Nasarawa,1.0,,,,
22,7,31,Ondo,24.0,6.0,,,
22,7,31,Plateau,5.0,,,,
22,7,31,Rivers,1.0,,,,
22,7,31,Total,136.0,13.0,0.0,0.0,1.0
22,7,30,Adamawa,1.0,,,,
22,7,30,Bauchi,2.0,1.0,,,
22,7,30,Delta,1.0,,,,
22,7,30,Edo,56.0,2.0,,,
22,7,30,Niger,1.0,,,,
22,7,30,Ondo,37.0,7.0,,,
22,7,30,Plateau,1.0,,,,
22,7,30,Total,100.0,10.0,0.0,0.0,0.0
22,7,30,Yobe,1.0,,,,
22,7,29,Akwa Ibom,2.0,,,,
22,7,29,Bauchi,8.0,,,,
22,7,29,Bayelsa,1.0,,,,
22,7,29,Benue,1.0,,,,
22,7,29,Delta,1.0,,,,
22,7,29,Ebonyi,4.0,,,,
22,7,29,Edo,68.0,5.0,,,
22,7,29,Enugu,1.0,,,,
22,7,29,FCT,1.0,,,,
22,7,29,Kogi,1.0,,,,
22,7,29,Nasarawa,2.0,,,,
22,7,29,Ondo,43.0,5.0,,1.0,2.0
22,7,29,Plateau,1.0,,,,
22,7,29,Total,134.0,10.0,0.0,1.0,2.0
22,7,28,Bauchi,5.0,,,,
22,7,28,Delta,1.0,,,,
22,7,28,Edo,75.0,4.0,,,1.0
22,7,28,FCT,1.0,,,,
22,7,28,Kwara,1.0,,,,
22,7,28,Lagos,1.0,,,,
22,7,28,Nasarawa,1.0,,,,
22,7,28,Ondo,21.0,1.0,,,1.0
22,7,28,Plateau,1.0,,,,
22,7,28,Total,107.0,5.0,0.0,0.0,2.0
22,6,27,Abia,1.0,,,,
22,6,27,Adamawa,3.0,,,,
22,6,27,Anambra,1.0,1.0,,,
22,6,27,Benue,23.0,,,,
22,6,27,Ebonyi,2.0,,,,
22,6,27,Edo,67.0,3.0,,,
22,6,27,Kogi,1.0,,,,
22,6,27,Ondo,38.0,8.0,,,
22,6,27,Plateau,3.0,1.0,,,
22,6,27,Total,139.0,13.0,0.0,0.0,0.0
22,6,26,Benue,2.0,1.0,,,
22,6,26,Delta,1.0,,,,
22,6,26,Edo,78.0,1.0,,,
22,6,26,Kogi,1.0,,,,
22,6,26,Lagos,2.0,,,,
22,6,26,Nasarawa,2.0,,,,
22,6,26,Niger,1.0,,,,
22,6,26,Ogun,1.0,,,,
22,6,26,Ondo,37.0,7.0,,,1.0
22,6,26,Plateau,5.0,,,,
22,6,26,Total,130.0,9.0,0.0,0.0,1.0
22,6,25,Bayelsa,1.0,,,,
22,6,25,Delta,3.0,,,,
22,6,25,Edo,81.0,4.0,,,
22,6,25,Lagos,1.0,,,,
22,6,25,Ondo,26.0,6.0,,1.0,1.0
22,6,25,Oyo,2.0,,,,
22,6,25,Rivers,1.0,,,,
22,6,25,Total,115.0,10.0,0.0,1.0,1.0
22,6,24,Akwa Ibom,1.0,,,,
22,6,24,Benue,1.0,,,,
22,6,24,Delta,1.0,,,,
22,6,24,Ebonyi,4.0,,,,
22,6,24,Edo,37.0,2.0,,,1.0
22,6,24,FCT,1.0,,,,
22,6,24,Kogi,1.0,,,,
22,6,24,Ondo,39.0,5.0,,,2.0
22,6,24,Plateau,3.0,1.0,,,
22,6,24,Total,88.0,8.0,0.0,0.0,3.0
22,5,22,Akwa Ibom,1.0,,,,
22,5,22,Bauchi,7.0,,,,
22,5,22,Borno,1.0,,,,
22,5,22,Delta,2.0,,,,
22,5,22,Ebonyi,2.0,,,,
22,5,22,Edo,52.0,3.0,,,
22,5,22,Gombe,2.0,1.0,,,
22,5,22,Kano,1.0,,,,
22,5,22,Kogi,2.0,1.0,,,
22,5,22,Kwara,1.0,,,,
22,5,22,Lagos,8.0,,,,
22,5,22,Nasarawa,4.0,,,,
22,5,22,Ogun,1.0,,,,
22,5,22,Ondo,35.0,2.0,,,
22,5,22,Total,119.0,7.0,0.0,0.0,0.0
22,4,18,Benue,1.0,1.0,,,
22,4,18,Delta,3.0,,,,
22,4,18,Ebonyi,2.0,,,,
22,4,18,Edo,45.0,1.0,,,1.0
22,4,18,Enugu,1.0,,,,
22,4,18,FCT,1.0,,,,
22,4,18,Lagos,1.0,,,,
22,4,18,Ogun,2.0,,,,
22,4,18,Ondo,13.0,1.0,,,1.0
22,4,18,Plateau,1.0,,,,
22,4,18,Sokoto,1.0,,,,
22,4,18,Taraba,1.0,,,,
22,4,18,Total,72.0,3.0,0.0,0.0,2.0
22,4,17,Ebonyi,13.0,,,,
22,4,17,Edo,64.0,3.0,,,2.0
22,4,17,Enugu,1.0,,,,
22,4,17,Gombe,73.0,2.0,,,1.0
22,4,17,Kogi,3.0,1.0,,,
22,4,17,Kwara,1.0,,,,
22,4,17,Ondo,28.0,2.0,,,
22,4,17,Total,183.0,8.0,0.0,0.0,3.0
22,4,16,Bauchi,24.0,1.0,,,
22,4,16,Benue,2.0,,,,
22,4,16,Borno,1.0,,,,
22,4,16,Cross River,2.0,,,,
22,4,16,Delta,3.0,,,,
22,4,16,Ebonyi,3.0,,,,
22,4,16,Edo,51.0,6.0,,,
22,4,16,Enugu,1.0,,,,
22,4,16,Gombe,2.0,1.0,,,
22,4,16,Kogi,6.0,2.0,,,
22,4,16,Nasarawa,2.0,,,,
22,4,16,Ondo,36.0,6.0,,,1.0
22,4,16,Oyo,4.0,1.0,,,
22,4,16,Plateau,4.0,1.0,,,
22,4,16,Taraba,2.0,,,,
22,4,16,Total,145.0,18.0,0.0,0.0,1.0
22,4,16,Zamfara,2.0,,,,
22,4,15,Abia,1.0,,,,
22,4,15,Akwa Ibom,1.0,,,,
22,4,15,Bauchi,27.0,2.0,,,
22,4,15,Benue,2.0,1.0,,,
22,4,15,Delta,1.0,,,,
22,4,15,Ebonyi,5.0,,,,
22,4,15,Edo,81.0,5.0,,,
22,4,15,FCT,1.0,,,,
22,4,15,Gombe,5.0,,,,
22,4,15,Kogi,3.0,1.0,,,
22,4,15,Nasarawa,3.0,1.0,,,
22,4,15,Ondo,25.0,6.0,,,1.0
22,4,15,Oyo,4.0,,,,
22,4,15,Plateau,2.0,,,,
22,4,15,Taraba,3.0,2.0,,,
22,4,15,Total,164.0,18.0,0.0,0.0,1.0
22,3,13,Abia,1.0,,,,
22,3,13,Anambra,1.0,,,,
22,3,13,Bauchi,15.0,2.0,,,2.0
22,3,13,Bayelsa,2.0,,,,
22,3,13,Borno,1.0,,,,
22,3,13,Delta,1.0,,,,
22,3,13,Ebonyi,6.0,,,,
22,3,13,Edo,78.0,3.0,,,
22,3,13,Enugu,1.0,,,,
22,3,13,FCT,2.0,,,,
22,3,13,Gombe,5.0,,,,
22,3,13,Kaduna,33.0,2.0,3.0,,1.0
22,3,13,Kano,1.0,,,,
22,3,13,Katsina,1.0,,,,
22,3,13,Kogi,3.0,1.0,,,1.0
22,3,13,Nasarawa,12.0,,,,
22,3,13,Ondo,27.0,1.0,,,
22,3,13,Osun,2.0,,,,
22,3,13,Plateau,8.0,1.0,,,
22,3,13,Taraba,4.0,,,,
22,3,13,Total,204.0,10.0,3.0,0.0,4.0
22,3,12,Abia,1.0,,,,
22,3,12,Bauchi,33.0,4.0,,,
22,3,12,Bayelsa,1.0,,,,
22,3,12,Benue,5.0,,,,
22,3,12,Borno,4.0,,,,
22,3,12,Cross River,1.0,,,,
22,3,12,Ebonyi,13.0,2.0,,,3.0
22,3,12,Edo,80.0,6.0,,,
22,3,12,Enugu,6.0,,,,
22,3,12,FCT,1.0,,,,
22,3,12,Gombe,5.0,,,,
22,3,12,Imo,1.0,,,,
22,3,12,Jigawa,1.0,,,,
22,3,12,Kaduna,3.0,,,,
22,3,12,Kano,2.0,,,,
22,3,12,Katsina,1.0,,,,
22,3,12,Kebbi,1.0,,,,
22,3,12,Kogi,8.0,5.0,,,
22,3,12,Nasarawa,3.0,,,,
22,3,12,Ondo,41.0,3.0,,,1.0
22,3,12,Oyo,1.0,,,,
22,3,12,Plateau,1.0,1.0,,,
22,3,12,Taraba,9.0,1.0,,,
22,3,12,Total,224.0,22.0,0.0,0.0,4.0
22,3,12,Zamfara,2.0,,,,
22,3,11,Abia,3.0,,,,
22,3,11,Adamawa,1.0,,,,
22,3,11,Anambra,3.0,1.0,,,
22,3,11,Bauchi,9.0,3.0,,,
22,3,11,Benue,2.0,,,,
22,3,11,Borno,1.0,,,,
22,3,11,Ebonyi,9.0,2.0,,1.0,3.0
22,3,11,Edo,86.0,4.0,,,1.0
22,3,11,Enugu,4.0,3.0,,,
22,3,11,FCT,5.0,,,,
22,3,11,Gombe,4.0,,,,
22,3,11,Imo,5.0,,,,
22,3,11,Jigawa,1.0,,,,
22,3,11,Kaduna,8.0,,,,
22,3,11,Kano,5.0,,,,
22,3,11,Kogi,28.0,5.0,,,
22,3,11,Kwara,2.0,,,,
22,3,11,Nasarawa,3.0,1.0,,,
22,3,11,Ogun,2.0,,,,
22,3,11,Ondo,35.0,3.0,,,
22,3,11,Oyo,4.0,1.0,,,
22,3,11,Plateau,3.0,1.0,,,
22,3,11,Taraba,9.0,5.0,,,2.0
22,3,11,Total,233.0,29.0,0.0,1.0,6.0
22,3,11,Zamfara,1.0,,,,
22,3,10,Akwa Ibom,1.0,,,,
22,3,10,Anambra,2.0,,,,
22,3,10,Bauchi,14.0,1.0,,,
22,3,10,Benue,2.0,,,,
22,3,10,Delta,11.0,,,,
22,3,10,Ebonyi,17.0,4.0,,,1.0
22,3,10,Edo,114.0,11.0,,,
22,3,10,Enugu,8.0,,,,
22,3,10,FCT,5.0,,,,
22,3,10,Gombe,17.0,3.0,1.0,,
22,3,10,Imo,4.0,,,,
22,3,10,Kebbi,2.0,1.0,,,
22,3,10,Kogi,14.0,4.0,,,
22,3,10,Nasarawa,7.0,1.0,,,
22,3,10,Niger,3.0,,,,
22,3,10,Ondo,31.0,7.0,,,
22,3,10,Plateau,2.0,,,,
22,3,10,Taraba,3.0,1.0,,,
22,3,10,Total,257.0,33.0,1.0,0.0,1.0
22,2,9,Adamawa,3.0,,,,
22,2,9,Anambra,6.0,1.0,,,
22,2,9,Bauchi,24.0,,,,
22,2,9,Benue,19.0,5.0,,,
22,2,9,Cross River,2.0,1.0,,,
22,2,9,Delta,1.0,,,,
22,2,9,Ebonyi,62.0,7.0,,,1.0
22,2,9,Edo,102.0,14.0,,,3.0
22,2,9,Enugu,5.0,1.0,,,
22,2,9,FCT,4.0,,,,
22,2,9,Gombe,41.0,4.0,,,3.0
22,2,9,Jigawa,2.0,,,,
22,2,9,Kano,2.0,,,,
22,2,9,Kogi,19.0,7.0,,,
22,2,9,Kwara,1.0,,,,
22,2,9,Lagos,1.0,,,,
22,2,9,Nasarawa,9.0,2.0,,,
22,2,9,Niger,1.0,,,,
22,2,9,Ogun,1.0,,,,
22,2,9,Ondo,45.0,9.0,,1.0,3.0
22,2,9,Osun,1.0,,,,
22,2,9,Oyo,8.0,4.0,,4.0,3.0
22,2,9,Rivers,1.0,1.0,,,
22,2,9,Taraba,4.0,1.0,,,
22,2,9,Total,388.0,57.0,0.0,5.0,13.0
22,2,9,Yobe,24.0,,,,
22,2,8,Abia,1.0,,,,
22,2,8,Adamawa,1.0,,,,
22,2,8,Akwa Ibom,1.0,,,,
22,2,8,Bauchi,102.0,15.0,,5.0,1.0
22,2,8,Benue,61.0,1.0,,,1.0
22,2,8,Cross River,1.0,,,,
22,2,8,Delta,11.0,,,,
22,2,8,Ebonyi,10.0,4.0,,,2.0
22,2,8,Edo,110.0,24.0,,,3.0
22,2,8,Ekiti,1.0,,,,
22,2,8,Enugu,9.0,3.0,,,
22,2,8,FCT,2.0,1.0,,,
22,2,8,Gombe,22.0,5.0,,,
22,2,8,Kaduna,5.0,,,,
22,2,8,Katsina,2.0,,,,
22,2,8,Kogi,6.0,5.0,,,2.0
22,2,8,Lagos,1.0,,,,
22,2,8,Nasarawa,2.0,,,,
22,2,8,Niger,2.0,,,,
22,2,8,Ogun,1.0,,,,
22,2,8,Ondo,74.0,26.0,,,3.0
22,2,8,Osun,3.0,,,,
22,2,8,Oyo,3.0,2.0,,,
22,2,8,Plateau,3.0,1.0,,,
22,2,8,Sokoto,1.0,,,,
22,2,8,Taraba,6.0,3.0,,,
22,2,8,Total,441.0,90.0,0.0,5.0,12.0
22,2,7,Anambra,2.0,,,,
22,2,7,Bauchi,69.0,15.0,,1.0,1.0
22,2,7,Benue,15.0,3.0,,,2.0
22,2,7,Delta,2.0,1.0,,,
22,2,7,Ebonyi,17.0,5.0,,,2.0
22,2,7,Edo,120.0,22.0,,,6.0
22,2,7,Enugu,12.0,3.0,,,
22,2,7,FCT,1.0,,,,
22,2,7,Gombe,3.0,3.0,,,2.0
22,2,7,Imo,2.0,,,,
22,2,7,Kano,11.0,,,,
22,2,7,Kogi,8.0,5.0,,,1.0
22,2,7,Lagos,1.0,,,,
22,2,7,Nasarawa,6.0,1.0,,,
22,2,7,Niger,1.0,,,,
22,2,7,Ondo,77.0,30.0,,1.0,4.0
22,2,7,Taraba,7.0,3.0,,,3.0
22,2,7,Total,356.0,91.0,0.0,2.0,21.0
22,2,7,Yobe,2.0,,,,
22,2,6,Adamawa,2.0,,,,
22,2,6,Anambra,2.0,,,,
22,2,6,Bauchi,28.0,8.0,,5.0,1.0
22,2,6,Benue,15.0,3.0,1.0,,
22,2,6,Cross River,1.0,,,,
22,2,6,Delta,2.0,,,,
22,2,6,Ebonyi,24.0,6.0,,,
22,2,6,Edo,82.0,11.0,,1.0,2.0
22,2,6,Enugu,12.0,4.0,,,
22,2,6,FCT,2.0,1.0,,,
22,2,6,Gombe,3.0,,,,
22,2,6,Kaduna,1.0,,,,
22,2,6,Katsina,2.0,,,,
22,2,6,Kogi,3.0,2.0,,,1.0
22,2,6,Nasarawa,7.0,2.0,,,
22,2,6,Niger,1.0,1.0,,,
22,2,6,Ondo,79.0,35.0,,1.0,5.0
22,2,6,Plateau,1.0,,,,
22,2,6,Taraba,11.0,4.0,,,2.0
22,2,6,Total,278.0,77.0,1.0,7.0,11.0
22,1,5,Abia,9.0,,,,
22,1,5,Anambra,3.0,1.0,,,1.0
22,1,5,Bauchi,52.0,4.0,,,1.0
22,1,5,Bayelsa,1.0,,,,
22,1,5,Benue,19.0,,,,
22,1,5,Delta,10.0,,,,
22,1,5,Ebonyi,5.0,2.0,,1.0,1.0
22,1,5,Edo,72.0,15.0,,,1.0
22,1,5,Ekiti,1.0,,,,
22,1,5,Enugu,16.0,4.0,,,
22,1,5,FCT,7.0,,,,
22,1,5,Katsina,6.0,,,,
22,1,5,Kogi,2.0,,,,
22,1,5,Lagos,1.0,,,,
22,1,5,Nasarawa,7.0,2.0,,,
22,1,5,Ondo,53.0,18.0,,2.0,2.0
22,1,5,Oyo,52.0,8.0,,,
22,1,5,Plateau,1.0,,,,
22,1,5,Taraba,6.0,4.0,,,
22,1,5,Total,323.0,58.0,0.0,3.0,6.0
22,1,4,Bauchi,89.0,14.0,,,
22,1,4,Benue,,,1.0,,2.0
22,1,4,Delta,5.0,1.0,,,
22,1,4,Ebonyi,7.0,,,,
22,1,4,Edo,63.0,10.0,,,
22,1,4,Enugu,5.0,2.0,,,2.0
22,1,4,Kwara,1.0,,,,
22,1,4,Lagos,2.0,,,,
22,1,4,Ondo,44.0,15.0,,,2.0
22,1,4,Oyo,10.0,,,,
22,1,4,Rivers,3.0,,,,
22,1,4,Total,229.0,42.0,1.0,0.0,6.0
22,1,3,Anambra,2.0,,,,
22,1,3,Bauchi,84.0,18.0,,,1.0
22,1,3,Bayelsa,1.0,,,,
22,1,3,Benue,27.0,1.0,,,
22,1,3,Borno,2.0,,,,
22,1,3,Cross River,1.0,,,,
22,1,3,Ebonyi,5.0,3.0,,,1.0
22,1,3,Edo,82.0,18.0,,,2.0
22,1,3,FCT,7.0,,,,
22,1,3,Gombe,1.0,,,,
22,1,3,Kaduna,5.0,1.0,,,1.0
22,1,3,Katsina,1.0,1.0,,,1.0
22,1,3,Kwara,1.0,,,,
22,1,3,Lagos,5.0,,,,
22,1,3,Nasarawa,1.0,,,,
22,1,3,Ogun,2.0,,,,
22,1,3,Ondo,55.0,28.0,,,6.0
22,1,3,Oyo,5.0,3.0,,,
22,1,3,Plateau,4.0,,,,
22,1,3,Taraba,3.0,1.0,,,
22,1,3,Total,294.0,74.0,0.0,0.0,11.0
22,1,1,Bauchi,51.0,14.0,,,
22,1,1,Benue,3.0,3.0,,1.0,1.0
22,1,1,Cross River,1.0,1.0,,,
22,1,1,Ebonyi,4.0,1.0,,,
22,1,1,Edo,76.0,13.0,,,
22,1,1,Enugu,2.0,,,,
22,1,1,FCT,4.0,,,,
22,1,1,Gombe,2.0,,,,
22,1,1,Kaduna,11.0,1.0,,,
22,1,1,Katsina,1.0,,,,
22,1,1,Kogi,3.0,1.0,,,
22,1,1,Nasarawa,2.0,,,,
22,1,1,Ondo,46.0,11.0,,,
22,1,1,Plateau,6.0,1.0,,,
22,1,1,Rivers,1.0,,,,
22,1,1,Taraba,9.0,2.0,,,1.0
22,1,1,Total,222.0,48.0,0.0,1.0,2.0
21,12,52,Bauchi,20.0,4.0,,,1.0
21,12,52,Benue,3.0,,,,
21,12,52,Borno,2.0,,,,
21,12,52,Edo,74.0,9.0,,,
21,12,52,FCT,4.0,1.0,,,
21,12,52,Jigawa,1.0,,,,
21,12,52,Kaduna,2.0,1.0,1.0,,
21,12,52,Kogi,1.0,,,,
21,12,52,Nasarawa,12.0,,,,
21,12,52,Ondo,52.0,12.0,,,2.0
21,12,52,Plateau,1.0,,,,
21,12,52,Taraba,1.0,1.0,,,
21,12,52,Total,173.0,28.0,1.0,0.0,3.0
21,12,51,Abia,3.0,,,,
21,12,51,Anambra,3.0,,,,
21,12,51,Bauchi,39.0,18.0,,,
21,12,51,Delta,2.0,,,,
21,12,51,Ebonyi,5.0,,,,
21,12,51,Edo,71.0,6.0,,,1.0
21,12,51,FCT,5.0,,,,
21,12,51,Jigawa,1.0,,,,
21,12,51,Kaduna,7.0,,,,
21,12,51,Kano,11.0,,,,
21,12,51,Lagos,1.0,,,,
21,12,51,Nasarawa,4.0,,,,
21,12,51,Ondo,32.0,4.0,,,2.0
21,12,51,Plateau,7.0,1.0,,,
21,12,51,Rivers,1.0,,,,
21,12,51,Sokoto,1.0,,,,
21,12,51,Total,193.0,29.0,0.0,0.0,3.0
21,12,50,Anambra,1.0,,,,
21,12,50,Bauchi,10.0,3.0,,,2.0
21,12,50,Delta,1.0,,,,
21,12,50,Ebonyi,6.0,1.0,,,1.0
21,12,50,Edo,93.0,2.0,,,
21,12,50,FCT,28.0,,,,
21,12,50,Imo,1.0,,,,
21,12,50,Kaduna,1.0,,,,
21,12,50,Lagos,1.0,,,,
21,12,50,Nasarawa,10.0,,,,
21,12,50,Ondo,37.0,4.0,,2.0,
21,12,50,Plateau,1.0,,,,
21,12,50,Total,190.0,10.0,0.0,2.0,3.0
21,12,49,Adamawa,1.0,,,,
21,12,49,Cross River,1.0,,,,
21,12,49,Delta,1.0,,,,
21,12,49,Ebonyi,4.0,,,,
21,12,49,Edo,40.0,3.0,,,
21,12,49,FCT,9.0,,,,
21,12,49,Gombe,11.0,,,,
21,12,49,Jigawa,1.0,,,,
21,12,49,Katsina,1.0,,,,
21,12,49,Nasarawa,40.0,2.0,1.0,2.0,2.0
21,12,49,Ondo,14.0,5.0,,,1.0
21,12,49,Total,123.0,10.0,1.0,2.0,3.0
21,11,48,Bauchi,6.0,1.0,,,
21,11,48,Delta,1.0,,,,
21,11,48,Edo,49.0,1.0,,,
21,11,48,Kaduna,1.0,1.0,,,
21,11,48,Nasarawa,4.0,,,,
21,11,48,Ondo,18.0,1.0,,,
21,11,48,Plateau,3.0,,,,
21,11,48,Total,82.0,4.0,0.0,0.0,0.0
21,11,47,Bauchi,3.0,1.0,1.0,1.0,
21,11,47,Delta,2.0,,,,
21,11,47,Ebonyi,7.0,,,,
21,11,47,Edo,53.0,1.0,,,
21,11,47,FCT,1.0,,,,
21,11,47,Kogi,1.0,,,,
21,11,47,Kwara,1.0,,,,
21,11,47,Ondo,22.0,1.0,,,
21,11,47,Taraba,1.0,,,,
21,11,47,Total,91.0,3.0,1.0,0.0,0.0
21,11,46,Bauchi,16.0,2.0,,,1.0
21,11,46,Delta,3.0,,,,
21,11,46,Ebonyi,2.0,,,,
21,11,46,Edo,63.0,4.0,,,
21,11,46,Kano,1.0,,,,
21,11,46,Kogi,3.0,,,,
21,11,46,Kwara,1.0,,,,
21,11,46,Lagos,1.0,,,,
21,11,46,Ondo,17.0,3.0,,,
21,11,46,Oyo,1.0,,,,
21,11,46,Total,108.0,9.0,0.0,0.0,1.0
21,11,45,Anambra,1.0,1.0,,,
21,11,45,Bauchi,1.0,,,,
21,11,45,Benue,1.0,1.0,,,
21,11,45,Delta,1.0,,,,
21,11,45,Ebonyi,2.0,,,,
21,11,45,Edo,81.0,3.0,,,
21,11,45,FCT,1.0,,,,
21,11,45,Kano,1.0,,,,
21,11,45,Nasarawa,1.0,,,,
21,11,45,Ondo,20.0,3.0,,,
21,11,45,Plateau,2.0,,,,
21,11,45,Taraba,1.0,,,,
21,11,45,Total,113.0,8.0,0.0,0.0,0.0
21,10,44,Bauchi,3.0,,,,
21,10,44,Edo,48.0,5.0,,,
21,10,44,Kogi,1.0,,,,
21,10,44,Ondo,16.0,1.0,,,
21,10,44,Sokoto,2.0,,,,
21,10,44,Taraba,2.0,1.0,,,
21,10,44,Total,72.0,7.0,0.0,0.0,0.0
21,10,43,Benue,1.0,,,,
21,10,43,Delta,1.0,,,,
21,10,43,Edo,60.0,1.0,,,
21,10,43,Gombe,1.0,,,,
21,10,43,Ondo,14.0,1.0,,,
21,10,43,Total,77.0,2.0,0.0,0.0,0.0
21,10,42,Bauchi,3.0,1.0,,,
21,10,42,Bayelsa,1.0,,,,
21,10,42,Benue,2.0,,,,
21,10,42,Delta,1.0,,,,
21,10,42,Edo,53.0,2.0,,,
21,10,42,FCT,1.0,,,,
21,10,42,Imo,1.0,1.0,,,
21,10,42,Ondo,15.0,4.0,,,
21,10,42,Osun,1.0,,,,
21,10,42,Oyo,1.0,,,,
21,10,42,Plateau,1.0,,,,
21,10,42,Taraba,1.0,,,,
21,10,42,Total,81.0,8.0,0.0,0.0,0.0
21,10,41,Benue,3.0,1.0,,,
21,10,41,Borno,1.0,,,,
21,10,41,Edo,39.0,2.0,,,
21,10,41,Gombe,1.0,,,,
21,10,41,Jigawa,1.0,,,,
21,10,41,Kano,2.0,,,,
21,10,41,Ondo,18.0,4.0,,,
21,10,41,Plateau,2.0,,,,
21,10,41,Total,67.0,7.0,0.0,0.0,0.0
21,10,40,Borno,2.0,,,,
21,10,40,Edo,38.0,,,,
21,10,40,Ondo,23.0,4.0,,,1.0
21,10,40,Total,63.0,4.0,0.0,0.0,1.0
21,9,39,Borno,2.0,,,,
21,9,39,Edo,41.0,1.0,,,
21,9,39,Ondo,8.0,2.0,,,
21,9,39,Total,51.0,3.0,0.0,0.0,0.0
21,9,38,Benue,1.0,,,,
21,9,38,Ebonyi,1.0,,,,
21,9,38,Edo,60.0,6.0,,,
21,9,38,Kogi,1.0,1.0,,,
21,9,38,Ondo,13.0,2.0,,,1.0
21,9,38,Total,77.0,9.0,0.0,0.0,1.0
21,9,38,Yobe,1.0,,,,
21,9,37,Delta,1.0,,,,
21,9,37,Edo,58.0,1.0,,,
21,9,37,Ondo,14.0,,,,
21,9,37,Total,73.0,1.0,0.0,0.0,0.0
21,9,36,Edo,46.0,,,,
21,9,36,Gombe,1.0,,,,
21,9,36,Imo,1.0,,,,
21,9,36,Ondo,11.0,3.0,,,3.0
21,9,36,Taraba,1.0,1.0,,,
21,9,36,Total,60.0,4.0,0.0,0.0,3.0
21,8,35,Ebonyi,1.0,,,,
21,8,35,Edo,53.0,,,,
21,8,35,Imo,1.0,,,,
21,8,35,Ondo,19.0,,,,
21,8,35,Total,74.0,0.0,0.0,0.0,0.0
21,8,34,Edo,57.0,6.0,,,
21,8,34,FCT,1.0,,,,
21,8,34,Kwara,1.0,,,,
21,8,34,Ondo,22.0,3.0,,,
21,8,34,Oyo,1.0,,,,
21,8,34,Rivers,1.0,,,,
21,8,34,Total,83.0,9.0,0.0,0.0,0.0
21,8,33,Ebonyi,1.0,,,,
21,8,33,Edo,44.0,1.0,,,
21,8,33,Lagos,1.0,,,,
21,8,33,Ondo,12.0,1.0,,,
21,8,33,Total,58.0,2.0,0.0,0.0,0.0
21,7,31,Delta,1.0,,,,
21,7,31,Edo,36.0,1.0,,,
21,7,31,Kogi,1.0,,,,
21,7,31,Nasarawa,1.0,,,,
21,7,31,Ondo,21.0,3.0,,,1.0
21,7,31,Plateau,1.0,,,,
21,7,31,Taraba,4.0,,,,
21,7,31,Total,65.0,4.0,0.0,0.0,1.0
21,7,29,Delta,1.0,,,,
21,7,29,Edo,38.0,1.0,,,
21,7,29,Gombe,2.0,,,,
21,7,29,Jigawa,1.0,,,,
21,7,29,Ondo,22.0,2.0,,,1.0
21,7,29,Rivers,1.0,,,,
21,7,29,Taraba,1.0,1.0,,,
21,7,29,Total,66.0,4.0,0.0,0.0,1.0
21,7,28,Delta,1.0,,,,
21,7,28,Edo,46.0,2.0,,,
21,7,28,Ekiti,1.0,,,,
21,7,28,Imo,1.0,,,,
21,7,28,Ondo,16.0,3.0,,,
21,7,28,Plateau,4.0,,,,
21,7,28,Rivers,1.0,,,,
21,7,28,Total,70.0,5.0,0.0,0.0,0.0
21,7,27,Abia,1.0,,,,
21,7,27,Delta,1.0,,,,
21,7,27,Edo,40.0,2.0,,,
21,7,27,FCT,1.0,,,,
21,7,27,Imo,1.0,,,,
21,7,27,Kogi,1.0,,,,
21,7,27,Ondo,21.0,5.0,,,4.0
21,7,27,Plateau,1.0,,,,
21,7,27,Rivers,1.0,,,,
21,7,27,Taraba,1.0,,,,
21,7,27,Total,69.0,7.0,0.0,0.0,4.0
21,6,26,Delta,1.0,,,,
21,6,26,Ebonyi,1.0,,,,
21,6,26,Edo,37.0,2.0,,,
21,6,26,FCT,1.0,,,,
21,6,26,Ondo,27.0,1.0,,,
21,6,26,Total,67.0,3.0,0.0,0.0,0.0
21,6,25,Edo,34.0,7.0,,,
21,6,25,FCT,1.0,,,,
21,6,25,Ondo,29.0,6.0,,,1.0
21,6,25,Taraba,1.0,,,,
21,6,25,Total,65.0,13.0,0.0,0.0,1.0
21,5,22,Delta,3.0,,,,
21,5,22,Ebonyi,1.0,,,,
21,5,22,Edo,34.0,4.0,,,
21,5,22,Katsina,1.0,,,,
21,5,22,Niger,1.0,,,,
21,5,22,Ondo,12.0,2.0,,,1.0
21,5,22,Total,52.0,6.0,0.0,0.0,1.0
21,5,20,Bauchi,6.0,,,,
21,5,20,Benue,3.0,,,,
21,5,20,Ebonyi,2.0,,,,
21,5,20,Edo,46.0,4.0,,,
21,5,20,Enugu,3.0,,,,
21,5,20,Lagos,1.0,,,,
21,5,20,Ogun,1.0,,,,
21,5,20,Ondo,20.0,4.0,,,
21,5,20,Rivers,1.0,,,,
21,5,20,Total,83.0,8.0,0.0,0.0,0.0
21,5,19,Delta,1.0,,,,
21,5,19,Edo,39.0,,,,
21,5,19,Gombe,1.0,,,,
21,5,19,Lagos,2.0,,,,
21,5,19,Ondo,16.0,1.0,,,1.0
21,5,19,Taraba,2.0,,,,
21,5,19,Total,61.0,1.0,0.0,0.0,1.0
21,4,18,Abia,3.0,,,,
21,4,18,Bauchi,6.0,2.0,,,
21,4,18,Borno,1.0,,,,
21,4,18,Delta,2.0,,,,
21,4,18,Ebonyi,3.0,1.0,,,
21,4,18,Edo,29.0,3.0,,,
21,4,18,Ondo,17.0,4.0,,,
21,4,18,Total,61.0,10.0,0.0,0.0,0.0
21,4,17,Bauchi,3.0,,,,
21,4,17,Benue,1.0,1.0,,,
21,4,17,Ebonyi,3.0,1.0,,,1.0
21,4,17,Edo,48.0,3.0,,,
21,4,17,Gombe,2.0,,,,
21,4,17,Kano,1.0,,,,
21,4,17,Ondo,14.0,3.0,,,2.0
21,4,17,Taraba,1.0,,,,
21,4,17,Total,73.0,8.0,0.0,0.0,3.0
21,4,16,Bauchi,4.0,,,,
21,4,16,Benue,1.0,1.0,,,
21,4,16,Delta,1.0,,,,
21,4,16,Edo,36.0,2.0,,,1.0
21,4,16,Imo,1.0,,,,
21,4,16,Kogi,2.0,1.0,,,1.0
21,4,16,Nasarawa,1.0,,,,
21,4,16,Ondo,12.0,3.0,,1.0,1.0
21,4,16,Rivers,1.0,,,,
21,4,16,Total,59.0,7.0,0.0,1.0,2.0
21,4,15,Adamawa,1.0,,,,
21,4,15,Bauchi,1.0,,,,
21,4,15,Benue,2.0,1.0,,,
21,4,15,Delta,2.0,,,,
21,4,15,Ebonyi,1.0,,,,
21,4,15,Edo,30.0,5.0,,,
21,4,15,Ogun,1.0,,,,
21,4,15,Taraba,5.0,,,,
21,4,15,Total,43.0,6.0,0.0,0.0,0.0
21,4,14,Bauchi,2.0,1.0,,,
21,4,14,Benue,1.0,,,,
21,4,14,Delta,1.0,,,,
21,4,14,Edo,21.0,1.0,,,
21,4,14,Kaduna,1.0,,,,
21,4,14,Nasarawa,2.0,,,,
21,4,14,Ondo,13.0,5.0,,,1.0
21,4,14,Plateau,1.0,1.0,,,
21,4,14,Total,43.0,8.0,0.0,0.0,1.0
21,4,14,Yobe,1.0,,,,
21,3,13,Bauchi,3.0,,,,
21,3,13,Delta,1.0,,,,
21,3,13,Ebonyi,4.0,,,,
21,3,13,Edo,36.0,,,,
21,3,13,FCT,1.0,,,,
21,3,13,Kebbi,1.0,,,,
21,3,13,Ondo,31.0,3.0,,,
21,3,13,Taraba,1.0,,,,
21,3,13,Total,78.0,3.0,0.0,0.0,0.0
21,3,12,Bauchi,2.0,,,,
21,3,12,Ebonyi,3.0,,,,
21,3,12,Edo,55.0,5.0,,,1.0
21,3,12,Gombe,1.0,,,,
21,3,12,Kaduna,1.0,,,,
21,3,12,Ondo,21.0,2.0,,,2.0
21,3,12,Plateau,1.0,,,,
21,3,12,Total,84.0,7.0,0.0,0.0,3.0
21,3,11,Bauchi,3.0,1.0,,,
21,3,11,Benue,4.0,1.0,,,
21,3,11,Borno,2.0,,,,
21,3,11,Delta,4.0,1.0,,,
21,3,11,Ebonyi,6.0,3.0,,,
21,3,11,Edo,67.0,10.0,,,
21,3,11,Jigawa,1.0,,,,
21,3,11,Kaduna,9.0,,,,
21,3,11,Kano,3.0,,,,
21,3,11,Kogi,1.0,1.0,,,
21,3,11,Lagos,2.0,,,,
21,3,11,Ondo,31.0,14.0,,,4.0
21,3,11,Oyo,1.0,,,,
21,3,11,Plateau,2.0,1.0,,,
21,3,11,Total,136.0,32.0,0.0,0.0,4.0
21,3,10,Adamawa,1.0,,,,
21,3,10,Bauchi,6.0,1.0,,,
21,3,10,Benue,3.0,,,,
21,3,10,Delta,1.0,,,,
21,3,10,Ebonyi,9.0,1.0,,,
21,3,10,Edo,69.0,14.0,,,
21,3,10,Enugu,1.0,,,,
21,3,10,Kaduna,27.0,4.0,,,2.0
21,3,10,Kano,4.0,,,,
21,3,10,Kogi,1.0,,,,
21,3,10,Nasarawa,1.0,,,,
21,3,10,Ondo,17.0,7.0,,,3.0
21,3,10,Plateau,2.0,1.0,,,
21,3,10,Taraba,3.0,2.0,,,1.0
21,3,10,Total,145.0,30.0,0.0,0.0,6.0
21,2,9,Anambra,2.0,,,,
21,2,9,Benue,1.0,1.0,,,
21,2,9,Delta,1.0,,,,
21,2,9,Ebonyi,11.0,2.0,,,
21,2,9,Edo,58.0,13.0,,,1.0
21,2,9,Enugu,1.0,,,,
21,2,9,FCT,1.0,,,,
21,2,9,Kaduna,2.0,1.0,,,
21,2,9,Lagos,2.0,,,,
21,2,9,Ondo,20.0,6.0,,2.0,
21,2,9,Rivers,3.0,,,,
21,2,9,Taraba,5.0,2.0,,,
21,2,9,Total,107.0,25.0,0.0,2.0,1.0
21,2,8,Abia,1.0,1.0,,,
21,2,8,Bauchi,2.0,2.0,,,
21,2,8,Benue,3.0,1.0,,,
21,2,8,Cross River,1.0,,,,
21,2,8,Delta,2.0,,,,
21,2,8,Ebonyi,6.0,4.0,,,
21,2,8,Edo,74.0,10.0,,,3.0
21,2,8,Enugu,5.0,3.0,,,
21,2,8,Jigawa,3.0,,,,
21,2,8,Kaduna,1.0,1.0,,,
21,2,8,Ondo,28.0,6.0,,,1.0
21,2,8,Plateau,3.0,3.0,,,
21,2,8,Taraba,11.0,3.0,,,2.0
21,2,8,Total,142.0,34.0,0.0,0.0,6.0
21,2,8,Yobe,1.0,,,,
21,2,8,Zamfara,1.0,,,,
21,2,7,Anambra,1.0,,,,
21,2,7,Bauchi,3.0,,,,
21,2,7,Cross River,1.0,,,,
21,2,7,Delta,2.0,,,,
21,2,7,Ebonyi,8.0,4.0,,,1.0
21,2,7,Edo,71.0,8.0,,,
21,2,7,Enugu,1.0,1.0,1.0,1.0,1.0
21,2,7,Jigawa,1.0,,,,
21,2,7,Nasarawa,2.0,2.0,,,
21,2,7,Ondo,17.0,3.0,,,
21,2,7,Osun,1.0,,,,
21,2,7,Taraba,5.0,1.0,,,1.0
21,2,7,Total,113.0,19.0,1.0,1.0,3.0
21,2,6,Ebonyi,10.0,,,,
21,2,6,Edo,55.0,10.0,,,2.0
21,2,6,Jigawa,2.0,,,,
21,2,6,Kogi,2.0,,,,
21,2,6,Lagos,1.0,,,,
21,2,6,Nasarawa,1.0,,,,
21,2,6,Ondo,15.0,5.0,,,3.0
21,2,6,Taraba,5.0,2.0,,,1.0
21,2,6,Total,91.0,17.0,0.0,0.0,6.0
21,1,5,Abia,1.0,,,,
21,1,5,Adamawa,4.0,,,,
21,1,5,Anambra,1.0,,,,
21,1,5,Bauchi,2.0,,,,
21,1,5,Benue,2.0,,,,
21,1,5,Delta,1.0,,,,
21,1,5,Ebonyi,6.0,,,,
21,1,5,Edo,64.0,6.0,,,
21,1,5,Gombe,2.0,,,,
21,1,5,Lagos,1.0,,,,
21,1,5,Ondo,15.0,4.0,,,
21,1,5,Plateau,2.0,,,,
21,1,5,Taraba,6.0,2.0,,1.0,1.0
21,1,5,Total,107.0,12.0,0.0,1.0,1.0
21,1,4,Bauchi,11.0,1.0,,,
21,1,4,Borno,2.0,,,,
21,1,4,Delta,1.0,,,,
21,1,4,Ebonyi,10.0,,,,
21,1,4,Edo,90.0,4.0,,,
21,1,4,Ekiti,1.0,,,,
21,1,4,FCT,1.0,,,,
21,1,4,Kaduna,1.0,,,,
21,1,4,Kano,1.0,,,,
21,1,4,Kogi,1.0,,,,
21,1,4,Nasarawa,1.0,1.0,,,
21,1,4,Ondo,23.0,2.0,,,
21,1,4,Plateau,3.0,2.0,,,
21,1,4,Taraba,7.0,4.0,,,2.0
21,1,4,Total,153.0,14.0,0.0,0.0,2.0
21,1,3,Akwa Ibom,1.0,1.0,,,
21,1,3,Delta,3.0,,,,
21,1,3,Edo,87.0,8.0,,,1.0
21,1,3,FCT,1.0,,,,
21,1,3,Imo,1.0,,,,
21,1,3,Ondo,35.0,8.0,,,2.0
21,1,3,Total,129.0,17.0,0.0,0.0,3.0
21,1,3,Yobe,1.0,,,,
21,1,2,Anambra,1.0,,,,
21,1,2,Borno,3.0,,,,
21,1,2,Delta,1.0,,,,
21,1,2,Ebonyi,7.0,1.0,,,
21,1,2,Edo,88.0,11.0,,,1.0
21,1,2,Kebbi,1.0,,,,
21,1,2,Ondo,12.0,,,,
21,1,2,Taraba,4.0,2.0,,,1.0
21,1,2,Total,117.0,14.0,0.0,0.0,2.0
21,1,1,Abia,,2.0,,,
21,1,1,Bauchi,7.0,2.0,,,2.0
21,1,1,Ebonyi,5.0,1.0,,,
21,1,1,Edo,74.0,3.0,,,
21,1,1,Ondo,18.0,3.0,,,
21,1,1,Osun,1.0,,,,
21,1,1,Plateau,2.0,,,,
21,1,1,Total,109.0,9.0,0.0,0.0,2.0
20,12,53,Bauchi,3.0,1.0,,,
20,12,53,Delta,6.0,,,,
20,12,53,Edo,29.0,5.0,,,
20,12,53,FCT,1.0,,,,
20,12,53,Nasarawa,1.0,1.0,,,
20,12,53,Ondo,8.0,,,,
20,12,53,Plateau,7.0,1.0,,,
20,12,53,Taraba,4.0,,,,
20,12,52,Abia,1.0,,,,
20,12,52,Bauchi,1.0,1.0,,,
20,12,52,Delta,2.0,,,,
20,12,52,Ebonyi,3.0,1.0,,,
20,12,52,Edo,35.0,1.0,,,
20,12,52,Enugu,1.0,,,,
20,12,52,Imo,1.0,,,,
20,12,52,Ondo,17.0,3.0,,,1.0
20,12,52,Osun,1.0,,,,
20,12,52,Taraba,2.0,,,,
20,12,52,Total,64.0,6.0,0.0,0.0,1.0
20,12,51,Anambra,1.0,,,,
20,12,51,Benue,3.0,,,,
20,12,51,Ebonyi,1.0,,,,
20,12,51,Edo,39.0,6.0,,,
20,12,51,Ekiti,5.0,,,,
20,12,51,Kebbi,,,1.0,,
20,12,51,Nasarawa,2.0,,,,
20,12,51,Ondo,25.0,6.0,1.0,1.0,1.0
20,12,51,Plateau,1.0,,,,
20,12,51,Total,78.0,12.0,0.0,1.0,1.0
20,12,50,Akwa Ibom,1.0,,,,
20,12,50,Bauchi,6.0,,,,
20,12,50,Delta,5.0,,,,
20,12,50,Ebonyi,3.0,,,,
20,12,50,Edo,25.0,2.0,,,
20,12,50,Ekiti,1.0,,,,
20,12,50,Enugu,1.0,,,,
20,12,50,Ondo,11.0,2.0,,,1.0
20,12,50,Taraba,2.0,1.0,,1.0,
20,12,50,Total,55.0,5.0,0.0,1.0,1.0
20,12,49,Adamawa,1.0,,,,
20,12,49,Bauchi,15.0,1.0,,,
20,12,49,Benue,1.0,,,,
20,12,49,Ebonyi,3.0,,,,
20,12,49,Edo,11.0,,,,
20,12,49,Kano,11.0,,,,
20,12,49,Ondo,25.0,3.0,,,1.0
20,12,49,Osun,1.0,,,,
20,12,49,Plateau,1.0,,,,
20,12,49,Total,69.0,4.0,0.0,0.0,1.0
20,11,48,Bauchi,28.0,1.0,,,
20,11,48,Benue,55.0,,,,
20,11,48,Delta,2.0,,,,
20,11,48,Edo,31.0,2.0,,,
20,11,48,Enugu,1.0,,,,
20,11,48,Gombe,1.0,,,,
20,11,48,Kogi,1.0,,,,
20,11,48,Ondo,13.0,3.0,,,2.0
20,11,48,Plateau,1.0,,,,
20,11,48,Total,133.0,6.0,0.0,0.0,2.0
20,11,47,Adamawa,1.0,,,,
20,11,47,Bauchi,10.0,4.0,,,1.0
20,11,47,Delta,2.0,,,,
20,11,47,Ebonyi,10.0,1.0,,,1.0
20,11,47,Edo,34.0,3.0,,,
20,11,47,Enugu,2.0,,,,
20,11,47,FCT,1.0,,,,
20,11,47,Kogi,1.0,1.0,,,
20,11,47,Nasarawa,2.0,,,,
20,11,47,Ogun,4.0,,,,
20,11,47,Ondo,13.0,1.0,,,
20,11,47,Osun,1.0,,,,
20,11,47,Total,81.0,10.0,0.0,0.0,2.0
20,11,46,Adamawa,1.0,,,,
20,11,46,Bauchi,3.0,,,,
20,11,46,Bayelsa,1.0,,,,
20,11,46,Delta,3.0,,,,
20,11,46,Ebonyi,6.0,,,,
20,11,46,Edo,47.0,,,,
20,11,46,Kaduna,1.0,,,,
20,11,46,Ondo,22.0,2.0,,,1.0
20,11,46,Osun,1.0,,,,
20,11,46,Plateau,6.0,,,,
20,11,46,Total,91.0,2.0,0.0,0.0,1.0
20,11,45,Adamawa,1.0,,,,
20,11,45,Bauchi,7.0,,,,
20,11,45,Benue,1.0,,,,
20,11,45,Delta,10.0,,,,
20,11,45,Ebonyi,8.0,,,,
20,11,45,Edo,42.0,1.0,,,
20,11,45,Gombe,2.0,,,,
20,11,45,Kaduna,1.0,,,,
20,11,45,Kogi,1.0,,,,
20,11,45,Ondo,23.0,4.0,,,1.0
20,11,45,Plateau,2.0,,,,
20,11,45,Total,98.0,5.0,0.0,0.0,1.0
20,10,44,Bauchi,3.0,1.0,,,1.0
20,10,44,Delta,2.0,,,,
20,10,44,Ebonyi,3.0,1.0,,,
20,10,44,Edo,51.0,5.0,,,
20,10,44,Imo,1.0,,,,
20,10,44,Ondo,19.0,4.0,,,
20,10,44,Total,79.0,11.0,0.0,0.0,1.0
20,10,43,Adamawa,1.0,,,,
20,10,43,Bauchi,1.0,,,,
20,10,43,Edo,39.0,2.0,,,1.0
20,10,43,Ondo,10.0,1.0,,,1.0
20,10,43,Total,51.0,3.0,0.0,0.0,2.0
20,10,42,Anambra,1.0,,,,
20,10,42,Delta,3.0,2.0,,,
20,10,42,Ebonyi,3.0,,,,
20,10,42,Edo,46.0,6.0,,,
20,10,42,Katsina,2.0,,,,
20,10,42,Ondo,36.0,5.0,1.0,1.0,2.0
20,10,42,Plateau,2.0,,,,
20,10,42,Rivers,1.0,,,,
20,10,42,Total,94.0,13.0,0.0,1.0,2.0
20,10,41,Ebonyi,4.0,1.0,,,
20,10,41,Edo,31.0,1.0,,,
20,10,41,Kano,1.0,1.0,,,
20,10,41,Lagos,1.0,,,,
20,10,41,Ondo,16.0,3.0,,,1.0
20,10,41,Total,53.0,5.0,0.0,0.0,1.0
20,10,40,Anambra,1.0,,,,
20,10,40,Bauchi,1.0,,,,
20,10,40,Benue,1.0,1.0,,,
20,10,40,Borno,1.0,,,,
20,10,40,Edo,27.0,1.0,,,
20,10,40,Katsina,1.0,,,,
20,10,40,Ondo,6.0,1.0,,,
20,10,40,Total,38.0,3.0,0.0,0.0,0.0
20,9,39,Bauchi,2.0,,,,
20,9,39,Borno,1.0,,,,
20,9,39,Edo,19.0,2.0,,,
20,9,39,Gombe,2.0,,,,
20,9,39,Jigawa,1.0,,,,
20,9,39,Ondo,10.0,5.0,,,1.0
20,9,39,Plateau,5.0,,,,
20,9,39,Sokoto,1.0,,,,
20,9,39,Total,41.0,7.0,0.0,0.0,1.0
20,9,38,Ebonyi,2.0,,,,
20,9,38,Edo,5.0,1.0,,,
20,9,38,Ondo,4.0,3.0,,,1.0
20,9,38,Total,11.0,4.0,0.0,0.0,1.0
20,9,37,Borno,1.0,,,,
20,9,37,Delta,2.0,,,,
20,9,37,Edo,19.0,3.0,,,
20,9,37,FCT,1.0,,,,
20,9,37,Gombe,1.0,,,,
20,9,37,Kaduna,1.0,,,,
20,9,37,Nasarawa,1.0,,,,
20,9,37,Ondo,21.0,3.0,,,
20,9,37,Total,47.0,6.0,0.0,0.0,0.0
20,9,36,Delta,1.0,,,,
20,9,36,Ebonyi,4.0,,,,
20,9,36,Edo,26.0,2.0,,,
20,9,36,Kaduna,1.0,,,,
20,9,36,Kogi,1.0,1.0,,,
20,9,36,Ondo,10.0,1.0,,,
20,9,36,Plateau,3.0,,,,
20,9,36,Total,46.0,4.0,0.0,0.0,0.0
20,8,35,Anambra,1.0,1.0,,,
20,8,35,Bauchi,3.0,,,,
20,8,35,Edo,16.0,1.0,,,
20,8,35,Enugu,1.0,1.0,,,
20,8,35,Ondo,6.0,1.0,,,
20,8,35,Total,27.0,2.0,0.0,0.0,0.0
20,8,34,Abia,2.0,2.0,,,
20,8,34,Bauchi,1.0,,,,
20,8,34,Borno,1.0,,,,
20,8,34,Cross River,1.0,,,,
20,8,34,Ebonyi,2.0,,,,
20,8,34,Edo,13.0,2.0,,,
20,8,34,Gombe,2.0,,,,
20,8,34,Kano,1.0,,,,
20,8,34,Ondo,23.0,9.0,,2.0,3.0
20,8,34,Plateau,1.0,,,,
20,8,34,Total,47.0,11.0,0.0,2.0,3.0
20,8,33,Ebonyi,5.0,,,,
20,8,33,Edo,23.0,1.0,,,
20,8,33,Ondo,5.0,,,,
20,8,33,Total,33.0,1.0,0.0,0.0,0.0
20,8,32,Bauchi,2.0,,,,
20,8,32,Benue,2.0,,,,
20,8,32,Ebonyi,5.0,,,,
20,8,32,Edo,22.0,1.0,,,
20,8,32,FCT,1.0,,,,
20,8,32,Gombe,1.0,,,,
20,8,32,Ondo,18.0,5.0,,,
20,8,32,Oyo,1.0,,,,
20,8,32,Plateau,2.0,,,,
20,8,32,Sokoto,1.0,,,,
20,8,32,Taraba,1.0,,,,
20,8,32,Total,56.0,6.0,0.0,0.0,0.0
20,8,31,Abia,1.0,,,,
20,8,31,Delta,1.0,,,,
20,8,31,Ebonyi,3.0,,,,
20,8,31,Edo,23.0,,,,
20,8,31,Kogi,1.0,,,,
20,8,31,Ondo,17.0,3.0,,,1.0
20,8,31,Total,46.0,3.0,0.0,0.0,1.0
20,7,30,Delta,3.0,,,,
20,7,30,Ebonyi,2.0,,,,
20,7,30,Edo,20.0,,,,
20,7,30,Enugu,1.0,,,,
20,7,30,Total,26.0,0.0,0.0,0.0,0.0
20,7,29,Bauchi,9.0,,,,
20,7,29,Benue,1.0,,,,
20,7,29,Delta,1.0,,,,
20,7,29,Edo,31.0,,,,
20,7,29,Enugu,1.0,,,,
20,7,29,Gombe,1.0,,,,
20,7,29,Kebbi,1.0,,,,
20,7,29,Ondo,29.0,5.0,,1.0,1.0
20,7,29,Plateau,5.0,,,,
20,7,29,Taraba,1.0,,,,
20,7,29,Total,80.0,5.0,0.0,1.0,1.0
20,7,28,Abia,2.0,,,,
20,7,28,Bauchi,1.0,,,,
20,7,28,Ebonyi,1.0,,,,
20,7,28,Edo,5.0,,,,
20,7,28,Enugu,1.0,,,,
20,7,28,Katsina,1.0,,,,
20,7,28,Ondo,21.0,3.0,,,
20,7,28,Plateau,1.0,,,,
20,7,28,Total,33.0,3.0,0.0,0.0,0.0
20,7,27,Edo,41.0,2.0,,,
20,7,27,Jigawa,1.0,,,,
20,7,27,Ondo,8.0,1.0,,,
20,7,27,Plateau,1.0,,,,
20,7,27,Taraba,1.0,,,,
20,7,27,Total,52.0,3.0,0.0,0.0,0.0
20,6,26,Edo,25.0,1.0,,,
20,6,26,Kaduna,1.0,1.0,,,
20,6,26,Kwara,1.0,1.0,,,
20,6,26,Ondo,26.0,3.0,,,2.0
20,6,26,Plateau,14.0,,,,
20,6,26,Total,67.0,4.0,0.0,0.0,2.0
20,6,25,Anambra,1.0,,,,
20,6,25,Benue,3.0,,,,
20,6,25,Delta,5.0,,,,
20,6,25,Edo,17.0,1.0,,,
20,6,25,FCT,1.0,,,,
20,6,25,Gombe,1.0,,,,
20,6,25,Ondo,20.0,2.0,,1.0,
20,6,25,Osun,1.0,,,,
20,6,25,Plateau,2.0,1.0,,,1.0
20,6,25,Taraba,4.0,1.0,,,1.0
20,6,25,Total,55.0,5.0,0.0,1.0,2.0
20,6,24,Delta,2.0,,,,
20,6,24,Ebonyi,2.0,,,,
20,6,24,Edo,43.0,1.0,,,
20,6,24,Enugu,2.0,,,,
20,6,24,Niger,1.0,,,,
20,6,24,Ondo,22.0,4.0,,1.0,2.0
20,6,24,Plateau,2.0,,,,
20,6,24,Total,74.0,5.0,0.0,1.0,2.0
20,6,23,Delta,2.0,,,,
20,6,23,Ebonyi,6.0,,,,
20,6,23,Edo,60.0,2.0,,,
20,6,23,Enugu,1.0,,,,
20,6,23,Ondo,22.0,3.0,,,
20,6,23,Total,91.0,5.0,0.0,0.0,0.0
20,5,22,Abia,1.0,,,,
20,5,22,Anambra,3.0,,,,
20,5,22,Benue,2.0,,,,
20,5,22,Delta,1.0,,,,
20,5,22,Ebonyi,7.0,1.0,,,
20,5,22,Edo,27.0,2.0,,,
20,5,22,Kogi,3.0,,,,
20,5,22,Ondo,25.0,2.0,,,
20,5,22,Plateau,4.0,1.0,,,
20,5,22,Total,73.0,6.0,0.0,0.0,0.0
20,5,21,Abia,1.0,,,,
20,5,21,Bauchi,1.0,,,,
20,5,21,Benue,4.0,1.0,,,1.0
20,5,21,Delta,4.0,,,,
20,5,21,Ebonyi,7.0,1.0,,,
20,5,21,Edo,32.0,2.0,,,
20,5,21,Imo,1.0,,,,
20,5,21,Ondo,23.0,5.0,,1.0,1.0
20,5,21,Plateau,3.0,,,,
20,5,21,Taraba,4.0,,,,
20,5,21,Total,80.0,9.0,0.0,1.0,2.0
20,5,20,Abia,1.0,,,,
20,5,20,Bauchi,7.0,1.0,,,
20,5,20,Delta,2.0,,,,
20,5,20,Ebonyi,9.0,,,,
20,5,20,Edo,26.0,3.0,,,
20,5,20,Enugu,3.0,,,,
20,5,20,Kaduna,1.0,,,,
20,5,20,Kogi,1.0,,,,
20,5,20,Nasarawa,1.0,,,,
20,5,20,Ondo,16.0,2.0,,,1.0
20,5,20,Plateau,1.0,,,,
20,5,20,Total,68.0,6.0,0.0,0.0,1.0
20,5,19,Abia,1.0,1.0,,,
20,5,19,Adamawa,1.0,1.0,,,
20,5,19,Cross River,1.0,,,,
20,5,19,Delta,2.0,,,,
20,5,19,Ebonyi,8.0,1.0,,,
20,5,19,Edo,31.0,2.0,,,
20,5,19,Gombe,1.0,,,,
20,5,19,Kogi,2.0,,1.0,,
20,5,19,Ondo,24.0,5.0,,,1.0
20,5,19,Taraba,1.0,,,,
20,5,19,Total,72.0,9.0,0.0,0.0,1.0
20,5,18,Anambra,1.0,,,,
20,5,18,Benue,3.0,,,,
20,5,18,Delta,2.0,,,,
20,5,18,Ebonyi,4.0,,,,
20,5,18,Edo,22.0,,,,
20,5,18,FCT,1.0,,,,
20,5,18,Imo,1.0,,,,
20,5,18,Jigawa,1.0,,,,
20,5,18,Kebbi,1.0,,,,
20,5,18,Kogi,2.0,1.0,,,
20,5,18,Kwara,1.0,,,,
20,5,18,Lagos,1.0,,,,
20,5,18,Nasarawa,1.0,1.0,,,1.0
20,5,18,Ondo,17.0,2.0,,,1.0
20,5,18,Osun,1.0,,,,
20,5,18,Plateau,5.0,1.0,,,
20,5,18,Total,64.0,5.0,0.0,0.0,2.0
20,4,17,Akwa Ibom,1.0,,,,
20,4,17,Bayelsa,1.0,,,,
20,4,17,Delta,4.0,,,,
20,4,17,Ebonyi,3.0,,,,
20,4,17,Edo,33.0,1.0,,,
20,4,17,Enugu,6.0,,,,
20,4,17,Gombe,2.0,1.0,,,
20,4,17,Jigawa,1.0,,,,
20,4,17,Kogi,2.0,1.0,,,
20,4,17,Ondo,30.0,5.0,,,
20,4,17,Plateau,1.0,,,,
20,4,17,Rivers,1.0,,,,
20,4,17,Total,85.0,8.0,0.0,0.0,0.0
20,4,16,Bauchi,6.0,,,,
20,4,16,Delta,3.0,,,,
20,4,16,Ebonyi,4.0,,,,
20,4,16,Edo,38.0,,,,
20,4,16,Enugu,1.0,,,,
20,4,16,FCT,2.0,,,,
20,4,16,Gombe,3.0,2.0,,,
20,4,16,Kaduna,5.0,,,,
20,4,16,Katsina,1.0,,,,
20,4,16,Lagos,2.0,,,,
20,4,16,Nasarawa,1.0,,,,
20,4,16,Ogun,2.0,,,,
20,4,16,Ondo,16.0,3.0,,,
20,4,16,Taraba,5.0,1.0,,,
20,4,16,Total,89.0,6.0,0.0,0.0,0.0
20,4,15,Bauchi,3.0,,,,
20,4,15,Borno,1.0,,,,
20,4,15,Cross River,1.0,,,,
20,4,15,Delta,4.0,,,,
20,4,15,Ebonyi,5.0,,,,
20,4,15,Edo,32.0,6.0,,,
20,4,15,Ekiti,1.0,,,,
20,4,15,Enugu,2.0,,,,
20,4,15,Gombe,1.0,,,,
20,4,15,Jigawa,1.0,,,,
20,4,15,Kano,1.0,,,,
20,4,15,Katsina,1.0,,,,
20,4,15,Kebbi,2.0,,,,
20,4,15,Kogi,5.0,1.0,,,
20,4,15,Kwara,1.0,,,,
20,4,15,Nasarawa,2.0,1.0,,,
20,4,15,Ondo,23.0,1.0,,,
20,4,15,Plateau,8.0,1.0,,,
20,4,15,Taraba,4.0,,,,
20,4,15,Total,99.0,10.0,0.0,0.0,0.0
20,4,15,Zamfara,1.0,,,,
20,4,14,Abia,1.0,,,,
20,4,14,Bauchi,6.0,1.0,,,
20,4,14,Benue,,,,1.0,1.0
20,4,14,Cross River,1.0,,,,
20,4,14,Delta,2.0,,,,
20,4,14,Ebonyi,7.0,1.0,,,1.0
20,4,14,Edo,42.0,5.0,,,
20,4,14,Enugu,3.0,,,,
20,4,14,FCT,1.0,,,,
20,4,14,Ondo,21.0,4.0,,,1.0
20,4,14,Plateau,5.0,,,,
20,4,14,Sokoto,1.0,1.0,,,
20,4,14,Taraba,3.0,,,,
20,4,14,Total,93.0,12.0,0.0,1.0,3.0
20,3,13,Abia,5.0,,,,
20,3,13,Adamawa,1.0,,,,
20,3,13,Bauchi,8.0,1.0,,,
20,3,13,Benue,6.0,,,,
20,3,13,Borno,2.0,,,,
20,3,13,Cross River,1.0,,,,
20,3,13,Delta,6.0,1.0,,,1.0
20,3,13,Ebonyi,27.0,5.0,,,
20,3,13,Edo,69.0,3.0,,,
20,3,13,Enugu,1.0,,,,
20,3,13,FCT,6.0,,,,
20,3,13,Gombe,4.0,,,,
20,3,13,Kaduna,3.0,,,,
20,3,13,Kogi,6.0,1.0,,,
20,3,13,Lagos,1.0,,,,
20,3,13,Nasarawa,1.0,,,,
20,3,13,Ondo,24.0,6.0,,,
20,3,13,Plateau,5.0,1.0,,,
20,3,13,Taraba,5.0,1.0,,,
20,3,13,Total,182.0,19.0,0.0,0.0,1.0
20,3,13,Yobe,1.0,,,,
20,3,12,Abia,2.0,2.0,,,
20,3,12,Adamawa,2.0,,,,
20,3,12,Akwa Ibom,1.0,,,,
20,3,12,Anambra,1.0,,,,
20,3,12,Bauchi,46.0,2.0,,,
20,3,12,Benue,1.0,1.0,,,
20,3,12,Cross River,1.0,,,,
20,3,12,Delta,5.0,,,,
20,3,12,Ebonyi,12.0,1.0,,,
20,3,12,Edo,108.0,8.0,,,
20,3,12,Ekiti,1.0,,,,
20,3,12,Enugu,5.0,1.0,,,
20,3,12,FCT,11.0,1.0,,,1.0
20,3,12,Gombe,4.0,1.0,,,
20,3,12,Imo,1.0,,,,
20,3,12,Kaduna,4.0,,,,
20,3,12,Katsina,2.0,,,,
20,3,12,Kebbi,1.0,,,,
20,3,12,Kogi,5.0,2.0,,,
20,3,12,Kwara,1.0,,,,
20,3,12,Nasarawa,9.0,,,,
20,3,12,Niger,1.0,,,,
20,3,12,Ogun,2.0,,,,
20,3,12,Ondo,34.0,5.0,,,1.0
20,3,12,Plateau,4.0,2.0,,,1.0
20,3,12,Rivers,2.0,,,,
20,3,12,Sokoto,1.0,,,,
20,3,12,Taraba,12.0,2.0,,,
20,3,12,Total,279.0,28.0,0.0,0.0,3.0
20,3,11,Abia,4.0,,,,
20,3,11,Adamawa,1.0,,,,
20,3,11,Akwa Ibom,1.0,,,,
20,3,11,Anambra,4.0,,,,
20,3,11,Bauchi,30.0,4.0,,3.0,
20,3,11,Bayelsa,1.0,,,,
20,3,11,Cross River,2.0,,,,
20,3,11,Delta,8.0,1.0,,,2.0
20,3,11,Ebonyi,24.0,8.0,,,2.0
20,3,11,Edo,111.0,11.0,,,2.0
20,3,11,Ekiti,1.0,,,,
20,3,11,Enugu,8.0,1.0,,,1.0
20,3,11,FCT,6.0,1.0,,,1.0
20,3,11,Gombe,5.0,1.0,,1.0,
20,3,11,Jigawa,1.0,,,,
20,3,11,Kaduna,7.0,,,,
20,3,11,Katsina,2.0,,,,
20,3,11,Kebbi,1.0,,,,
20,3,11,Kogi,8.0,2.0,,,
20,3,11,Kwara,1.0,,,,
20,3,11,Lagos,3.0,,,,
20,3,11,Nasarawa,2.0,1.0,,,
20,3,11,Ondo,67.0,15.0,,,2.0
20,3,11,Plateau,4.0,1.0,,,
20,3,11,Rivers,1.0,,,,
20,3,11,Taraba,13.0,5.0,,,1.0
20,3,11,Total,319.0,51.0,0.0,4.0,9.0
20,3,11,Yobe,1.0,,,,
20,3,11,Zamfara,2.0,,,,
20,3,10,Adamawa,3.0,2.0,,,
20,3,10,Akwa Ibom,1.0,,,,
20,3,10,Anambra,4.0,1.0,,,1.0
20,3,10,Bauchi,39.0,2.0,,1.0,1.0
20,3,10,Benue,5.0,,,,
20,3,10,Delta,8.0,1.0,,,
20,3,10,Ebonyi,20.0,4.0,,,
20,3,10,Edo,133.0,25.0,,1.0,3.0
20,3,10,Enugu,3.0,1.0,,,
20,3,10,FCT,10.0,,,,
20,3,10,Imo,2.0,,,,
20,3,10,Jigawa,2.0,,,,
20,3,10,Kaduna,11.0,1.0,,1.0,
20,3,10,Katsina,5.0,1.0,,,
20,3,10,Kebbi,5.0,1.0,,,
20,3,10,Kogi,7.0,2.0,,,
20,3,10,Kwara,4.0,,,,
20,3,10,Lagos,2.0,,,,
20,3,10,Nasarawa,1.0,,,,
20,3,10,Ogun,2.0,,,,
20,3,10,Ondo,74.0,33.0,,1.0,4.0
20,3,10,Osun,1.0,,,,
20,3,10,Oyo,2.0,,,,
20,3,10,Plateau,8.0,1.0,,,
20,3,10,Rivers,1.0,,,,
20,3,10,Sokoto,1.0,1.0,,,
20,3,10,Taraba,10.0,5.0,,,
20,3,10,Total,364.0,81.0,2.0,2.0,9.0
20,2,9,Abia,4.0,,,,
20,2,9,Akwa Ibom,1.0,,,,
20,2,9,Anambra,1.0,,,,
20,2,9,Bauchi,35.0,3.0,,,
20,2,9,Benue,1.0,1.0,,,
20,2,9,Borno,4.0,,,,
20,2,9,Delta,9.0,,,,
20,2,9,Ebonyi,20.0,8.0,,,1.0
20,2,9,Edo,176.0,31.0,,1.0,1.0
20,2,9,Enugu,2.0,,,,
20,2,9,FCT,4.0,,,,
20,2,9,Gombe,2.0,,,,
20,2,9,Imo,2.0,,,,
20,2,9,Jigawa,1.0,,,,
20,2,9,Kaduna,13.0,,,,
20,2,9,Kebbi,4.0,1.0,,,
20,2,9,Kogi,13.0,6.0,,,1.0
20,2,9,Lagos,6.0,,,,
20,2,9,Nasarawa,4.0,,,,
20,2,9,Niger,1.0,,,,
20,2,9,Ogun,2.0,,,,
20,2,9,Ondo,83.0,25.0,,,3.0
20,2,9,Osun,2.0,,,,
20,2,9,Plateau,9.0,1.0,,,2.0
20,2,9,Rivers,1.0,,,,
20,2,9,Sokoto,5.0,,,,
20,2,9,Taraba,16.0,9.0,,,3.0
20,2,9,Total,421.0,85.0,0.0,1.0,11.0
20,2,8,Adamawa,2.0,1.0,,,
20,2,8,Bauchi,39.0,5.0,,,2.0
20,2,8,Benue,5.0,1.0,,,
20,2,8,Borno,6.0,,,,
20,2,8,Delta,4.0,1.0,,,
20,2,8,Ebonyi,21.0,8.0,,,1.0
20,2,8,Edo,163.0,22.0,,3.0,5.0
20,2,8,Ekiti,1.0,,,,
20,2,8,Enugu,6.0,2.0,,,
20,2,8,FCT,6.0,,,,
20,2,8,Gombe,4.0,2.0,,,
20,2,8,Kaduna,18.0,2.0,,,
20,2,8,Katsina,11.0,1.0,,,
20,2,8,Kebbi,2.0,,,,
20,2,8,Kogi,16.0,5.0,,,
20,2,8,Kwara,1.0,1.0,,,
20,2,8,Lagos,3.0,1.0,,,
20,2,8,Nasarawa,4.0,2.0,,,
20,2,8,Ogun,2.0,,,,
20,2,8,Ondo,87.0,34.0,,1.0,2.0
20,2,8,Osun,1.0,,,,
20,2,8,Plateau,30.0,6.0,,,
20,2,8,Rivers,6.0,5.0,,,
20,2,8,Sokoto,2.0,1.0,,,
20,2,8,Taraba,10.0,3.0,,,3.0
20,2,8,Total,456.0,102.0,0.0,4.0,13.0
20,2,8,Yobe,2.0,,,,
20,2,8,Zamfara,4.0,,,,
20,2,7,Abia,7.0,2.0,,,
20,2,7,Adamawa,1.0,,,,
20,2,7,Akwa Ibom,3.0,,,,
20,2,7,Anambra,6.0,,,,
20,2,7,Bauchi,50.0,11.0,,1.0,4.0
20,2,7,Benue,6.0,3.0,,,1.0
20,2,7,Borno,5.0,1.0,,,
20,2,7,Delta,9.0,,,,
20,2,7,Ebonyi,32.0,7.0,,,2.0
20,2,7,Edo,167.0,41.0,1.0,,3.0
20,2,7,Enugu,3.0,1.0,,,
20,2,7,FCT,5.0,,,,
20,2,7,Gombe,5.0,1.0,,,
20,2,7,Jigawa,6.0,,,,
20,2,7,Kaduna,25.0,1.0,,,
20,2,7,Kano,3.0,1.0,,,
20,2,7,Katsina,6.0,1.0,,1.0,1.0
20,2,7,Kebbi,1.0,,,,1.0
20,2,7,Kogi,9.0,3.0,,,
20,2,7,Kwara,1.0,,,,
20,2,7,Lagos,3.0,,,,
20,2,7,Nasarawa,4.0,,,,
20,2,7,Niger,1.0,,,,
20,2,7,Ogun,5.0,,,,
20,2,7,Ondo,77.0,31.0,,,3.0
20,2,7,Osun,2.0,,,,
20,2,7,Oyo,1.0,,,,
20,2,7,Plateau,11.0,4.0,,,1.0
20,2,7,Rivers,1.0,,,,
20,2,7,Sokoto,4.0,1.0,,,1.0
20,2,7,Taraba,11.0,6.0,2.0,,1.0
20,2,7,Total,471.0,115.0,3.0,2.0,18.0
20,2,7,Zamfara,1.0,,,,
20,2,6,Abia,12.0,,,,
20,2,6,Adamawa,3.0,1.0,,,
20,2,6,Akwa Ibom,2.0,,,,
20,2,6,Anambra,3.0,,,,
20,2,6,Bauchi,12.0,1.0,,,
20,2,6,Bayelsa,1.0,,,,
20,2,6,Benue,3.0,1.0,,,
20,2,6,Borno,2.0,,,,
20,2,6,Cross River,1.0,,,,
20,2,6,Delta,17.0,3.0,,,
20,2,6,Ebonyi,20.0,9.0,,,
20,2,6,Edo,182.0,39.0,,,
20,2,6,Ekiti,4.0,,,,
20,2,6,Enugu,8.0,1.0,,,
20,2,6,FCT,5.0,,,,
20,2,6,Gombe,3.0,,,,
20,2,6,Imo,2.0,,,,
20,2,6,Jigawa,3.0,,,,
20,2,6,Kaduna,18.0,1.0,,,1.0
20,2,6,Kano,1.0,1.0,,,
20,2,6,Katsina,13.0,3.0,,,1.0
20,2,6,Kebbi,1.0,1.0,,,
20,2,6,Kogi,15.0,4.0,,,
20,2,6,Kwara,2.0,,,,
20,2,6,Lagos,2.0,,,,
20,2,6,Nasarawa,10.0,3.0,,,2.0
20,2,6,Niger,2.0,,,,
20,2,6,Ogun,11.0,,,,
20,2,6,Ondo,75.0,27.0,,,2.0
20,2,6,Osun,13.0,,,,
20,2,6,Oyo,1.0,1.0,,,
20,2,6,Plateau,9.0,1.0,,,
20,2,6,Rivers,2.0,1.0,,,
20,2,6,Sokoto,4.0,2.0,,,
20,2,6,Taraba,17.0,9.0,,,2.0
20,2,6,Total,482.0,109.0,,,8.0
20,2,6,Zamfara,3.0,,,,
